village_code,0_0,0_1,0_2,0_3,0_4,0_5,0_6,0_7,0_8,1_0,1_1,1_2,1_3,1_4,1_5,2_0,2_1,2_2,2_3,2_4,2_5,2_6,2_7,2_8,2_9
243335,0.33001712,0.010309175,0.11535466,0.010309175,0.044273388,0.4043243,0.010309175,0.064794004,0.010309175,4.5161596e-05,4.5161596e-05,4.5161596e-05,0.82035255,0.17946681,4.5161596e-05,0.0015297257,0.13897464,0.0685384,0.0015297257,0.76321983,0.0015297257,0.0015297257,0.0015297257,0.0015297257,0.02008891
243336,0.33687025,0.010129518,0.08933965,0.010129518,0.032277558,0.43913218,0.010129518,0.061862215,0.010129518,0.00023531522,0.00023531522,0.00023531522,0.7869335,0.21212533,0.00023531522,0.003934152,0.13812856,0.076142125,0.003934152,0.7186556,0.003934152,0.003934152,0.003934152,0.003934152,0.04346879
243337,0.18765092,0.01764668,0.29637194,0.01764668,0.13218492,0.20449544,0.01764668,0.108710006,0.01764668,0.0012341283,0.0012341283,0.0012341283,0.8176355,0.17742795,0.0012341283,0.001106594,0.1353826,0.0666852,0.001106594,0.7745695,0.001106594,0.001106594,0.001106594,0.001106594,0.016723339
243338,0.23559064,0.012734043,0.21322551,0.012734043,0.096340045,0.30993065,0.012734043,0.09397706,0.012734043,0.00038010263,0.00038010263,0.00038010263,0.796661,0.20181856,0.00038010263,0.0013915614,0.13773707,0.06851571,0.0013915614,0.76540774,0.0013915614,0.0013915614,0.0013915614,0.0013915614,0.01999014
243340,0.35864925,0.009827727,0.09034773,0.009827727,0.030455802,0.43133333,0.009827727,0.049903035,0.009827727,2.8242974e-05,2.8242974e-05,2.8242974e-05,0.8093111,0.19057593,2.8242974e-05,0.0018676136,0.14073081,0.07148314,0.0018676136,0.7503095,0.0018676136,0.0018676136,0.0018676136,0.0018676136,0.02627101
243341,0.25041285,0.012243754,0.16105814,0.012243754,0.07515739,0.35762098,0.012243754,0.106775604,0.012243754,0.002050558,0.002050558,0.002050558,0.7936526,0.1981451,0.002050558,0.0014092405,0.1375946,0.06905785,0.0014092405,0.7639054,0.0014092405,0.0014092405,0.0014092405,0.0014092405,0.020986725
243342,0.26334316,0.011163341,0.15497923,0.011163341,0.09503051,0.33727705,0.011163341,0.104716614,0.011163341,2.9028547e-06,2.9028547e-06,2.9028547e-06,0.8194214,0.18056694,2.9028547e-06,0.004152835,0.12666143,0.0725709,0.004152835,0.7229423,0.004152835,0.004152835,0.004152835,0.004152835,0.052908402
243343,0.27131635,0.011282752,0.08982219,0.011282752,0.049618207,0.4206832,0.011282752,0.123428926,0.011282752,0.0018371363,0.0018371363,0.0018371363,0.8238407,0.16881074,0.0018371363,0.0026685034,0.14450675,0.07343037,0.0026685034,0.73442453,0.0026685034,0.0026685034,0.0026685034,0.0026685034,0.03162724
243344,0.35330722,0.009760365,0.08477982,0.009760365,0.030084824,0.4401859,0.009760365,0.05260081,0.009760365,2.8716317e-05,2.8716317e-05,2.8716317e-05,0.80755955,0.19232564,2.8716317e-05,0.00247396,0.14133486,0.06636681,0.00247396,0.7547041,0.00247396,0.00247396,0.00247396,0.00247396,0.02275061
243345,0.27549532,0.0115136495,0.123676054,0.0115136495,0.05635829,0.39431074,0.0115136495,0.10410496,0.0115136495,0.0014606981,0.0014606981,0.0014606981,0.80964375,0.18451348,0.0014606981,0.0013849762,0.13708971,0.069067866,0.0013849762,0.7644879,0.0013849762,0.0013849762,0.0013849762,0.0013849762,0.02104467
243347,0.23865274,0.011794674,0.16904221,0.011794674,0.10829633,0.31916943,0.011794674,0.1176606,0.011794674,0.003123131,0.003123131,0.003123131,0.8005047,0.18700281,0.003123131,0.0012710214,0.13630283,0.06823419,0.0012710214,0.76837903,0.0012710214,0.0012710214,0.0012710214,0.0012710214,0.019457845
243350,0.26065168,0.011470233,0.14609645,0.011470233,0.083383486,0.35480216,0.011470233,0.109185286,0.011470233,0.0033003823,0.0033003823,0.0033003823,0.80485666,0.18194176,0.0033003823,0.0015881254,0.13892181,0.06982144,0.0015881254,0.7591064,0.0015881254,0.0015881254,0.0015881254,0.0015881254,0.022621501
243353,0.22591142,0.012352696,0.16881442,0.012352696,0.15957996,0.24541438,0.012352696,0.15086907,0.012352696,1.4311897e-05,1.4311897e-05,1.4311897e-05,0.8077202,0.19222249,1.4311897e-05,0.0012766502,0.13613611,0.06875354,0.0012766502,0.7671512,0.0012766502,0.0012766502,0.0012766502,0.0012766502,0.020299217
243354,0.3064931,0.010706098,0.14203306,0.010706098,0.05932042,0.37537158,0.010706098,0.07395746,0.010706098,6.13049e-05,6.13049e-05,6.13049e-05,0.79234487,0.20740993,6.13049e-05,0.0018681675,0.14135075,0.07057136,0.0018681675,0.7525134,0.0018681675,0.0018681675,0.0018681675,0.0018681675,0.024355626
243355,0.2130443,0.014053534,0.21363631,0.014053534,0.15861097,0.22505772,0.014053534,0.1334366,0.014053534,0.0036425798,0.0036425798,0.0036425798,0.7196012,0.26582837,0.0036425798,0.0012057305,0.13590877,0.06772468,0.0012057305,0.77058643,0.0012057305,0.0012057305,0.0012057305,0.0012057305,0.018545585
243356,0.29371944,0.010856416,0.1059469,0.010856416,0.050650634,0.41140363,0.010856416,0.09485381,0.010856416,5.5898554e-06,5.5898554e-06,5.5898554e-06,0.81321263,0.18676494,5.5898554e-06,0.002131692,0.14217469,0.07189002,0.002131692,0.7454072,0.002131692,0.002131692,0.002131692,0.002131692,0.027738085
243357,0.30860186,0.010706034,0.112563014,0.010706034,0.046245772,0.40970442,0.010706034,0.080060735,0.010706034,1.2964106e-06,1.2964106e-06,1.2964106e-06,0.818559,0.18143585,1.2964106e-06,0.0013285709,0.13668197,0.06861775,0.0013285709,0.7666923,0.0013285709,0.0013285709,0.0013285709,0.0013285709,0.02003667
243358,0.23363549,0.011727311,0.13172585,0.011727311,0.15165275,0.2623417,0.011727311,0.17373492,0.011727311,8.490643e-07,8.490643e-07,8.490643e-07,0.8183592,0.18163738,8.490643e-07,0.0016364958,0.13894431,0.0704742,0.0016364958,0.75680333,0.0016364958,0.0016364958,0.0016364958,0.0016364958,0.023959273
243359,0.22961828,0.011941977,0.16119847,0.011941977,0.15721847,0.2545254,0.011941977,0.14967144,0.011941977,0.0004041558,0.0004041558,0.0004041558,0.78994006,0.20844327,0.0004041558,0.0012530581,0.13573828,0.06881355,0.0012530581,0.76756227,0.0012530581,0.0012530581,0.0012530581,0.0012530581,0.020367455
243360,0.25662598,0.011416289,0.12622137,0.011416289,0.0819637,0.36377114,0.011416289,0.12575264,0.011416289,2.9083747e-06,2.9083747e-06,2.9083747e-06,0.8209655,0.17902274,2.9083747e-06,0.0014618053,0.13765891,0.069625296,0.0014618053,0.7618389,0.0014618053,0.0014618053,0.0014618053,0.0014618053,0.02210609
243362,0.28203312,0.011891569,0.14859551,0.011891569,0.050901167,0.38608742,0.011891569,0.08481658,0.011891569,0.0002340595,0.0002340595,0.0002340595,0.79569304,0.20337063,0.0002340595,0.0012557876,0.13627397,0.06811516,0.0012557876,0.7689317,0.0012557876,0.0012557876,0.0012557876,0.0012557876,0.01914444
243365,0.25306717,0.01243206,0.16947259,0.01243206,0.06908129,0.36014795,0.01243206,0.09850284,0.01243206,3.90837e-06,3.90837e-06,3.90837e-06,0.81663686,0.18334761,3.90837e-06,0.0014247727,0.13749847,0.069306105,0.0014247727,0.76312643,0.0014247727,0.0014247727,0.0014247727,0.0014247727,0.021520175
243366,0.33001712,0.010309175,0.11535466,0.010309175,0.044273388,0.4043243,0.010309175,0.064794004,0.010309175,4.5161596e-05,4.5161596e-05,4.5161596e-05,0.82035255,0.17946681,4.5161596e-05,0.0015297257,0.13897464,0.0685384,0.0015297257,0.76321983,0.0015297257,0.0015297257,0.0015297257,0.0015297257,0.02008891
243367,0.25075448,0.013203853,0.19909425,0.013203853,0.059963282,0.35379717,0.013203853,0.08357548,0.013203853,0.0003625328,0.0003625328,0.0003625328,0.8078655,0.19068444,0.0003625328,0.0013772782,0.1373697,0.06890577,0.0013772782,0.76485366,0.0013772782,0.0013772782,0.0013772782,0.0013772782,0.020607304
243368,0.31053653,0.010659282,0.090554394,0.010659282,0.036047824,0.43958253,0.010659282,0.080641605,0.010659282,9.1608706e-07,9.1608706e-07,9.1608706e-07,0.81908625,0.18091013,9.1608706e-07,0.0018735887,0.14093776,0.0711741,0.0018735887,0.7511514,0.0018735887,0.0018735887,0.0018735887,0.0018735887,0.025495015
243369,0.25361392,0.012910024,0.21922296,0.012910024,0.075169064,0.32554772,0.012910024,0.07480631,0.012910024,0.0002524225,0.0002524225,0.0002524225,0.8161103,0.1828799,0.0002524225,0.0011741872,0.1359733,0.06689918,0.0011741872,0.7729058,0.0011741872,0.0011741872,0.0011741872,0.0011741872,0.017176589
243370,0.21192624,0.014089153,0.20406477,0.014089153,0.16194585,0.22014508,0.014089153,0.14556146,0.014089153,4.156103e-06,4.156103e-06,4.156103e-06,0.8181356,0.1818477,4.156103e-06,0.0012746904,0.13618025,0.06873495,0.0012746904,0.7671983,0.0012746904,0.0012746904,0.0012746904,0.0012746904,0.02023815
243371,0.20117941,0.015783153,0.2849979,0.015783153,0.102468416,0.25660357,0.015783153,0.09161809,0.015783153,2.0024378e-05,2.0024378e-05,2.0024378e-05,0.8195312,0.1803887,2.0024378e-05,0.0018536347,0.1407306,0.0714736,0.0018536347,0.75049484,0.0018536347,0.0018536347,0.0018536347,0.0018536347,0.026179047
243372,0.21740597,0.013882161,0.23947008,0.013882161,0.1163694,0.27042404,0.013882161,0.10080185,0.013882161,0.0012531233,0.0012531233,0.0012531233,0.82387835,0.17110918,0.0012531233,0.002891918,0.14506641,0.073758096,0.002891918,0.73077387,0.002891918,0.002891918,0.002891918,0.002891918,0.033049986
243373,0.3729088,0.009470024,0.080742076,0.009470024,0.026360696,0.43928954,0.009470024,0.042818807,0.009470024,1.753565e-06,1.753565e-06,1.753565e-06,0.8165451,0.18344785,1.753565e-06,0.0018499341,0.14072365,0.07084481,0.0018499341,0.7525928,0.0018499341,0.0018499341,0.0018499341,0.0018499341,0.024739126
243374,0.38891006,0.009156681,0.08074476,0.009156681,0.027140064,0.43065944,0.009156681,0.03591898,0.009156681,2.1207543e-06,2.1207543e-06,2.1207543e-06,0.8238651,0.17612627,2.1207543e-06,0.0013174049,0.13690747,0.06704102,0.0013174049,0.770986,0.0013174049,0.0013174049,0.0013174049,0.0013174049,0.017161038
243375,0.25996196,0.012069016,0.16606824,0.012069016,0.07100244,0.35934982,0.012069016,0.095341526,0.012069016,0.00015836184,0.00015836184,0.00015836184,0.7523268,0.2470397,0.00015836184,0.0012202915,0.13624245,0.06710596,0.0012202915,0.77152604,0.0012202915,0.0012202915,0.0012202915,0.0012202915,0.017803809
243377,0.23199266,0.011858925,0.17400092,0.011858925,0.1266553,0.29576382,0.011858925,0.12415153,0.011858925,0.00090783666,0.00090783666,0.00090783666,0.7722833,0.22408529,0.00090783666,0.0013287399,0.13659844,0.06869348,0.0013287399,0.76633734,0.0013287399,0.0013287399,0.0013287399,0.0013287399,0.020398285
243378,0.32120183,0.010571492,0.09028686,0.010571492,0.031925883,0.44253445,0.010571492,0.07176479,0.010571492,0.0035588595,0.0035588595,0.0035588595,0.7515147,0.23424987,0.0035588595,0.005103212,0.092104115,0.044737987,0.005103212,0.79025966,0.005103212,0.005103212,0.005103212,0.005103212,0.04227889
243380,0.39863428,0.009027361,0.07931018,0.009027361,0.026116522,0.42758763,0.009027361,0.03224198,0.009027361,0.00022025997,0.00022025997,0.00022025997,0.78831625,0.21080276,0.00022025997,0.0017953579,0.14088447,0.06844377,0.0017953579,0.75972193,0.0017953579,0.0017953579,0.0017953579,0.0017953579,0.020177588
243381,0.24190135,0.0117415115,0.1329087,0.0117415115,0.093244985,0.34752178,0.0117415115,0.13745716,0.0117415115,6.9402727e-06,6.9402727e-06,6.9402727e-06,0.81610507,0.18386713,6.9402727e-06,0.0039993874,0.13353711,0.07606541,0.0039993874,0.7164881,0.0039993874,0.0039993874,0.0039993874,0.0039993874,0.049912848
243383,0.22738652,0.012251158,0.17747918,0.012251158,0.13625354,0.27740315,0.012251158,0.13247299,0.012251158,0.00013011714,0.00013011714,0.00013011714,0.8229867,0.17649288,0.00013011714,0.0030593579,0.14429413,0.07382589,0.0030593579,0.72937703,0.0030593579,0.0030593579,0.0030593579,0.0030593579,0.034146756
243386,0.22021455,0.014045131,0.24091563,0.014045131,0.15899277,0.22776872,0.014045131,0.095927745,0.014045131,7.624077e-05,7.624077e-05,7.624077e-05,0.7757993,0.22389583,7.624077e-05,0.0012844059,0.1371458,0.06714305,0.0012844059,0.7699362,0.0012844059,0.0012844059,0.0012844059,0.0012844059,0.018068478
243387,0.41553995,0.008673021,0.072629586,0.008673021,0.023843974,0.42667708,0.008673021,0.026617352,0.008673021,5.797129e-06,5.797129e-06,5.797129e-06,0.81399626,0.18598056,5.797129e-06,0.0028521637,0.14470698,0.0725756,0.0028521637,0.734884,0.0028521637,0.0028521637,0.0028521637,0.0028521637,0.03072044
243388,0.29667813,0.011290938,0.1782298,0.011290938,0.064967744,0.35132825,0.011290938,0.06363232,0.011290938,0.0018932851,0.0018932851,0.0018932851,0.55782425,0.43460265,0.0018932851,0.0017628191,0.14059527,0.06373439,0.0017628191,0.7674851,0.0017628191,0.0017628191,0.0017628191,0.0017628191,0.017608259
243389,0.23292065,0.012113969,0.18934707,0.012113969,0.11695154,0.30044472,0.012113969,0.11188004,0.012113969,4.4682707e-05,4.4682707e-05,4.4682707e-05,0.7695502,0.23027115,4.4682707e-05,0.0012035762,0.13588452,0.0674253,0.0012035762,0.7712587,0.0012035762,0.0012035762,0.0012035762,0.0012035762,0.018209865
243390,0.2998077,0.0112423785,0.12999238,0.0112423785,0.046335876,0.39837846,0.0112423785,0.08051609,0.0112423785,0.0002243097,0.0002243097,0.0002243097,0.8183875,0.18071519,0.0002243097,0.0013826448,0.13745067,0.068624645,0.0013826448,0.76561433,0.0013826448,0.0013826448,0.0013826448,0.0013826448,0.020014623
243391,0.32515398,0.010170538,0.12433409,0.010170538,0.053703878,0.38944235,0.010170538,0.06668346,0.010170538,2.6425932e-06,2.6425932e-06,2.6425932e-06,0.8217364,0.17825305,2.6425932e-06,0.0016520318,0.13965952,0.06952806,0.0016520318,0.7588954,0.0016520318,0.0016520318,0.0016520318,0.0016520318,0.02200492
243396,0.3432982,0.010182401,0.08813584,0.010182401,0.028517291,0.4419753,0.010182401,0.057343777,0.010182401,1.8154908e-06,1.8154908e-06,1.8154908e-06,0.81870645,0.18128622,1.8154908e-06,0.0014048484,0.13715333,0.06943641,0.0014048484,0.76335907,0.0014048484,0.0014048484,0.0014048484,0.0014048484,0.021622024
243397,0.23905373,0.012367889,0.21033564,0.012367889,0.10549285,0.3026897,0.012367889,0.09295655,0.012367889,0.00028257698,0.00028257698,0.00028257698,0.74202776,0.25684187,0.00028257698,0.0016094234,0.14000449,0.068419404,0.0016094234,0.76128227,0.0016094234,0.0016094234,0.0016094234,0.0016094234,0.020637427
243398,0.23905373,0.012367889,0.21033564,0.012367889,0.10549285,0.3026897,0.012367889,0.09295655,0.012367889,0.00028257698,0.00028257698,0.00028257698,0.74202776,0.25684187,0.00028257698,0.0016094234,0.14000449,0.068419404,0.0016094234,0.76128227,0.0016094234,0.0016094234,0.0016094234,0.0016094234,0.020637427
243399,0.2554657,0.011827915,0.13931555,0.011827915,0.07444653,0.36706895,0.011827915,0.11639174,0.011827915,4.6458813e-06,4.6458813e-06,4.6458813e-06,0.81880677,0.18117465,4.6458813e-06,0.0013358704,0.13656391,0.069163315,0.0013358704,0.76515824,0.0013358704,0.0013358704,0.0013358704,0.0013358704,0.021099493
243400,0.2227404,0.012876494,0.20334569,0.012876494,0.124165855,0.28027838,0.012876494,0.11796374,0.012876494,7.1108334e-05,7.1108334e-05,7.1108334e-05,0.8118629,0.18785265,7.1108334e-05,0.001755355,0.14003022,0.070900224,0.001755355,0.7535723,0.001755355,0.001755355,0.001755355,0.001755355,0.024965191
243404,0.21942903,0.013208487,0.19613865,0.013208487,0.14345138,0.25242743,0.013208487,0.13571946,0.013208487,2.113759e-05,2.113759e-05,2.113759e-05,0.8178328,0.18208265,2.113759e-05,0.002676462,0.14383183,0.07439551,0.002676462,0.7316134,0.002676462,0.002676462,0.002676462,0.002676462,0.03410049
243405,0.22581737,0.012506565,0.19598942,0.012506565,0.13502769,0.27211455,0.012506565,0.12102474,0.012506565,1.744697e-05,1.744697e-05,1.744697e-05,0.77699065,0.22293958,1.744697e-05,0.001622637,0.13940789,0.06987371,0.001622637,0.75807625,0.001622637,0.001622637,0.001622637,0.001622637,0.022906167
243406,0.3248417,0.010354457,0.07910018,0.010354457,0.027612986,0.45822182,0.010354457,0.06880552,0.010354457,2.722738e-06,2.722738e-06,2.722738e-06,0.818438,0.18155113,2.722738e-06,0.0016413559,0.13880372,0.070875846,0.0016413559,0.7558141,0.0016413559,0.0016413559,0.0016413559,0.0016413559,0.02465819
243409,0.23635936,0.011867283,0.16829008,0.011867283,0.111528724,0.3144221,0.011867283,0.12193067,0.011867283,0.0005345817,0.0005345817,0.0005345817,0.81691575,0.18094596,0.0005345817,0.0041488954,0.12756363,0.07299628,0.0041488954,0.72277814,0.0041488954,0.0041488954,0.0041488954,0.0041488954,0.051768765
243411,0.23912564,0.0116895465,0.15538722,0.0116895465,0.10646005,0.32645497,0.0116895465,0.12581381,0.0116895465,4.8113197e-06,4.8113197e-06,4.8113197e-06,0.78637165,0.2136091,4.8113197e-06,0.0012653619,0.1361356,0.0683542,0.0012653619,0.76818347,0.0012653619,0.0012653619,0.0012653619,0.0012653619,0.019734543
243412,0.25573626,0.011099501,0.12129268,0.011099501,0.09558741,0.35080773,0.011099501,0.13217795,0.011099501,0.0037965577,0.0037965577,0.0037965577,0.7466995,0.23811433,0.0037965577,0.0051820423,0.09068493,0.043112706,0.0051820423,0.7969404,0.0051820423,0.0051820423,0.0051820423,0.0051820423,0.038169794
243414,0.21614282,0.015178678,0.27395627,0.015178678,0.15206271,0.22088563,0.015178678,0.07623787,0.015178678,0.003676002,0.003676002,0.003676002,0.7502338,0.23506218,0.003676002,0.0011987254,0.13717267,0.064740345,0.0011987254,0.77572405,0.0011987254,0.0011987254,0.0011987254,0.0011987254,0.015170568
243415,0.21137594,0.014291192,0.21423915,0.014291192,0.16443746,0.21605323,0.014291192,0.13672943,0.014291192,3.818244e-06,3.818244e-06,3.818244e-06,0.80802524,0.19195943,3.818244e-06,0.0011571454,0.1353539,0.06720422,0.0011571454,0.7727785,0.0011571454,0.0011571454,0.0011571454,0.0011571454,0.017720513
243416,0.2320306,0.013751678,0.2523524,0.013751678,0.09820288,0.28555158,0.013751678,0.076855734,0.013751678,0.00023100775,0.00023100775,0.00023100775,0.7962703,0.20280567,0.00023100775,0.0011772284,0.13610435,0.0665803,0.0011772284,0.7733902,0.0011772284,0.0011772284,0.0011772284,0.0011772284,0.0168618
243417,0.22651368,0.012379181,0.19100581,0.012379181,0.14096846,0.2670136,0.012379181,0.124981634,0.012379181,1.6528624e-05,1.6528624e-05,1.6528624e-05,0.8100372,0.18989675,1.6528624e-05,0.0011706005,0.13545816,0.06763245,0.0011706005,0.7715461,0.0011706005,0.0011706005,0.0011706005,0.0011706005,0.018339844
243420,0.28804475,0.010929474,0.07409199,0.010929474,0.033103347,0.45996672,0.010929474,0.10107532,0.010929474,4.969419e-05,4.969419e-05,4.969419e-05,0.8075739,0.19222729,4.969419e-05,0.003559748,0.14168008,0.076807685,0.003559748,0.7170909,0.003559748,0.003559748,0.003559748,0.003559748,0.043062992
243423,0.24390648,0.012131061,0.20312726,0.012131061,0.104294576,0.3077354,0.012131061,0.0924121,0.012131061,0.00011780206,0.00011780206,0.00011780206,0.7373518,0.26217702,0.00011780206,0.0015674006,0.13964784,0.06812471,0.0015674006,0.7625967,0.0015674006,0.0015674006,0.0015674006,0.0015674006,0.020226559
243424,0.23052117,0.011878382,0.16806245,0.011878382,0.13380215,0.28724203,0.011878382,0.1328586,0.011878382,2.5463319e-06,2.5463319e-06,2.5463319e-06,0.81746686,0.18252297,2.5463319e-06,0.0017888758,0.14015575,0.07123346,0.0017888758,0.75226265,0.0017888758,0.0017888758,0.0017888758,0.0017888758,0.02561491
243428,0.2376318,0.012889624,0.22524515,0.012889624,0.17557807,0.2367583,0.012889624,0.07322812,0.012889624,0.0008420586,0.0008420586,0.0008420586,0.6507177,0.34591407,0.0008420586,0.0010444049,0.13504164,0.06363485,0.0010444049,0.7811017,0.0010444049,0.0010444049,0.0010444049,0.0010444049,0.013955526
243429,0.23357671,0.012335347,0.2106703,0.012335347,0.13797925,0.26947546,0.012335347,0.098956905,0.012335347,0.00015654863,0.00015654863,0.00015654863,0.7189514,0.28042236,0.00015654863,0.0010657328,0.13479953,0.06557774,0.0010657328,0.7775546,0.0010657328,0.0010657328,0.0010657328,0.0010657328,0.015673583
243430,0.22482534,0.012481312,0.16915414,0.012481312,0.15971263,0.24332048,0.012481312,0.15306222,0.012481312,1.8746323e-06,1.8746323e-06,1.8746323e-06,0.8191796,0.18081293,1.8746323e-06,0.0013003921,0.13623632,0.06899288,0.0013003921,0.7662004,0.0013003921,0.0013003921,0.0013003921,0.0013003921,0.020767989
243431,0.31053653,0.010659282,0.090554394,0.010659282,0.036047824,0.43958253,0.010659282,0.080641605,0.010659282,9.1608706e-07,9.1608706e-07,9.1608706e-07,0.81908625,0.18091013,9.1608706e-07,0.0018735887,0.14093776,0.0711741,0.0018735887,0.7511514,0.0018735887,0.0018735887,0.0018735887,0.0018735887,0.025495015
243433,0.22226195,0.012742566,0.16896999,0.012742566,0.16786017,0.22908813,0.012742566,0.16084953,0.012742566,1.8535378e-06,1.8535378e-06,1.8535378e-06,0.80017275,0.19981991,1.8535378e-06,0.0012057683,0.1354894,0.068164915,0.0012057683,0.76984346,0.0012057683,0.0012057683,0.0012057683,0.0012057683,0.01926741
243434,0.21424252,0.0139515,0.22625299,0.0139515,0.13412984,0.251512,0.0139515,0.11805669,0.0139515,0.0001783903,0.0001783903,0.0001783903,0.7754167,0.22386971,0.0001783903,0.001255801,0.13668862,0.06732905,0.001255801,0.7703043,0.001255801,0.001255801,0.001255801,0.001255801,0.018143114
243436,0.33717453,0.009945269,0.094781786,0.009945269,0.03830252,0.42803326,0.009945269,0.06192669,0.009945269,4.3604605e-06,4.3604605e-06,4.3604605e-06,0.81771946,0.18226309,4.3604605e-06,0.0035730652,0.14066085,0.07503291,0.0035730652,0.7230081,0.0035730652,0.0035730652,0.0035730652,0.0035730652,0.039859757
243437,0.26118547,0.011233867,0.101978585,0.011233867,0.0724189,0.38300774,0.011233867,0.13647373,0.011233867,3.950482e-06,3.950482e-06,3.950482e-06,0.81810206,0.18188204,3.950482e-06,0.00199241,0.14140995,0.071478084,0.00199241,0.74865526,0.00199241,0.00199241,0.00199241,0.00199241,0.026502151
243438,0.2696067,0.011182262,0.10849876,0.011182262,0.06752489,0.38782552,0.011182262,0.12181503,0.011182262,6.9686093e-06,6.9686093e-06,6.9686093e-06,0.81347436,0.18649767,6.9686093e-06,0.0035676984,0.14123125,0.07633725,0.0035676984,0.7184581,0.0035676984,0.0035676984,0.0035676984,0.0035676984,0.042567104
243440,0.27569437,0.011025139,0.08846443,0.011025139,0.052483045,0.41959274,0.011025139,0.119664796,0.011025139,3.5388905e-06,3.5388905e-06,3.5388905e-06,0.8169203,0.18306558,3.5388905e-06,0.0043381993,0.118667655,0.06685484,0.0043381993,0.734183,0.0043381993,0.0043381993,0.0043381993,0.0043381993,0.054265413
243441,0.22693643,0.012521822,0.20017189,0.012521822,0.12643644,0.28161457,0.012521822,0.11475345,0.012521822,0.0027607935,0.0027607935,0.0027607935,0.7940912,0.19486572,0.0027607935,0.0022576496,0.14271726,0.07287979,0.0022576496,0.74093926,0.0022576496,0.0022576496,0.0022576496,0.0022576496,0.029917859
243442,0.32472578,0.010169221,0.0980458,0.010169221,0.04170124,0.42497614,0.010169221,0.069874346,0.010169221,4.982154e-06,4.982154e-06,4.982154e-06,0.820143,0.17983708,4.982154e-06,0.0034574268,0.14161481,0.075538345,0.0034574268,0.72173756,0.0034574268,0.0034574268,0.0034574268,0.0034574268,0.04036461
243443,0.32903153,0.010273977,0.09515644,0.010273977,0.036081452,0.43165153,0.010273977,0.066983186,0.010273977,3.9119645e-06,3.9119645e-06,3.9119645e-06,0.8226313,0.17735307,3.9119645e-06,0.0019263035,0.14124678,0.07116413,0.0019263035,0.750322,0.0019263035,0.0019263035,0.0019263035,0.0019263035,0.02570936
243444,0.25116798,0.012507745,0.2211796,0.012507745,0.098085165,0.30385903,0.012507745,0.07567729,0.012507745,0.002716802,0.002716802,0.002716802,0.71770555,0.2714272,0.002716802,0.0011312063,0.13617063,0.06501323,0.0011312063,0.77688605,0.0011312063,0.0011312063,0.0011312063,0.0011312063,0.0151431225
243445,0.31516033,0.010398781,0.08382043,0.010398781,0.034423374,0.44789043,0.010398781,0.077110365,0.010398781,6.3722136e-06,6.3722136e-06,6.3722136e-06,0.8149429,0.18503156,6.3722136e-06,0.0031841798,0.14300476,0.07564656,0.0031841798,0.7231674,0.0031841798,0.0031841798,0.0031841798,0.0031841798,0.039076243
243446,0.3263769,0.010173966,0.09344832,0.010173966,0.038325667,0.43216527,0.010173966,0.06898796,0.010173966,2.5121579e-05,2.5121579e-05,2.5121579e-05,0.80132717,0.19857234,2.5121579e-05,0.003400324,0.14265457,0.07399948,0.003400324,0.7270512,0.003400324,0.003400324,0.003400324,0.003400324,0.035892934
243447,0.3329475,0.010055529,0.09798786,0.010055529,0.039931994,0.42441645,0.010055529,0.064494066,0.010055529,5.0771057e-05,5.0771057e-05,5.0771057e-05,0.7951915,0.20460533,5.0771057e-05,0.0026907732,0.14450917,0.07111303,0.0026907732,0.7398417,0.0026907732,0.0026907732,0.0026907732,0.0026907732,0.028391445
243448,0.35760233,0.009629543,0.07854526,0.009629543,0.026863167,0.44865724,0.009629543,0.04981395,0.009629543,1.3783165e-05,1.3783165e-05,1.3783165e-05,0.7963749,0.20356995,1.3783165e-05,0.0031429776,0.14244775,0.07002045,0.0031429776,0.73925066,0.0031429776,0.0031429776,0.0031429776,0.0031429776,0.02942322
243449,0.26644316,0.0115137445,0.10936732,0.0115137445,0.059920028,0.39618108,0.0115137445,0.12203349,0.0115137445,0.00017954544,0.00017954544,0.00017954544,0.7872966,0.21198522,0.00017954544,0.0018022686,0.14031343,0.07111685,0.0018022686,0.7522993,0.0018022686,0.0018022686,0.0018022686,0.0018022686,0.025456946
243451,0.3647704,0.009634224,0.0790413,0.009634224,0.02519328,0.4461242,0.009634224,0.0463339,0.009634224,7.1276013e-06,7.1276013e-06,7.1276013e-06,0.8221148,0.1778567,7.1276013e-06,0.0012026542,0.13584046,0.06550783,0.0012026542,0.776452,0.0012026542,0.0012026542,0.0012026542,0.0012026542,0.014983855
243452,0.23915125,0.011375306,0.1363546,0.011375306,0.11472442,0.32275617,0.011375306,0.14151236,0.011375306,0.00020651799,0.00020651799,0.00020651799,0.7633665,0.23580746,0.00020651799,0.0039335066,0.13739386,0.07290648,0.0039335066,0.7280164,0.0039335066,0.0039335066,0.0039335066,0.0039335066,0.038082235
243453,0.23092055,0.011892613,0.17850918,0.011892613,0.14283942,0.27342474,0.011892613,0.1267357,0.011892613,1.5190342e-05,1.5190342e-05,1.5190342e-05,0.8053729,0.19456634,1.5190342e-05,0.0022784863,0.14357008,0.07159513,0.0022784863,0.74335474,0.0022784863,0.0022784863,0.0022784863,0.0022784863,0.027809292
243454,0.33600146,0.010204122,0.08001511,0.010204122,0.026361339,0.45535475,0.010204122,0.061450895,0.010204122,3.1068002e-06,3.1068002e-06,3.1068002e-06,0.822205,0.1777826,3.1068002e-06,0.0012246636,0.13620856,0.065097,0.0012246636,0.776451,0.0012246636,0.0012246636,0.0012246636,0.0012246636,0.014895387
243456,0.26209903,0.012668608,0.22299094,0.012668608,0.08120058,0.3161725,0.012668608,0.06686253,0.012668608,0.0026177706,0.0026177706,0.0026177706,0.6290866,0.36044222,0.0026177706,0.0023412711,0.14084631,0.06446461,0.0023412711,0.7593359,0.0023412711,0.0023412711,0.0023412711,0.0023412711,0.02130552
243457,0.3833851,0.009304691,0.07943925,0.009304691,0.02534402,0.4364905,0.009304691,0.038122524,0.009304691,1.1023537e-06,1.1023537e-06,1.1023537e-06,0.8223787,0.17761694,1.1023537e-06,0.0011926319,0.13610351,0.06604574,0.0011926319,0.7748513,0.0011926319,0.0011926319,0.0011926319,0.0011926319,0.015843485
243462,0.25799423,0.011255678,0.12209623,0.011255678,0.08711575,0.35914633,0.011255678,0.12862466,0.011255678,4.197918e-05,4.197918e-05,4.197918e-05,0.80177265,0.19805938,4.197918e-05,0.0041681537,0.129873,0.07206814,0.0041681537,0.7280132,0.0041681537,0.0041681537,0.0041681537,0.0041681537,0.045036737
243465,0.38764173,0.009225226,0.079527855,0.009225226,0.02557062,0.43396303,0.009225226,0.036395866,0.009225226,1.8266812e-06,1.8266812e-06,1.8266812e-06,0.8235753,0.17641728,1.8266812e-06,0.0011277207,0.13485008,0.06504278,0.0011277207,0.779135,0.0011277207,0.0011277207,0.0011277207,0.0011277207,0.014205722
243466,0.2768996,0.011554947,0.116320185,0.011554947,0.05117387,0.40429863,0.011554947,0.10508806,0.011554947,1.974346e-05,1.974346e-05,1.974346e-05,0.8218711,0.17804985,1.974346e-05,0.0024104938,0.14321236,0.073743016,0.0024104938,0.7369028,0.0024104938,0.0024104938,0.0024104938,0.0024104938,0.03167891
243467,0.25309747,0.011772628,0.19947629,0.011772628,0.115540974,0.29693356,0.011772628,0.08786116,0.011772628,2.064394e-05,2.064394e-05,2.064394e-05,0.7991742,0.20074314,2.064394e-05,0.001576503,0.13964486,0.06846914,0.001576503,0.76183254,0.001576503,0.001576503,0.001576503,0.001576503,0.020594483
243468,0.37056184,0.009430916,0.078623086,0.009430916,0.026073406,0.4432593,0.009430916,0.043758772,0.009430916,0.00028664357,0.00028664357,0.00028664357,0.8207008,0.1781525,0.00028664357,0.0031276073,0.14276686,0.07037929,0.0031276073,0.7386259,0.0031276073,0.0031276073,0.0031276073,0.0031276073,0.029462444
243470,0.23467198,0.011738949,0.11351797,0.011738949,0.14251997,0.27249524,0.011738949,0.18983907,0.011738949,1.658448e-05,1.658448e-05,1.658448e-05,0.80767554,0.19225807,1.658448e-05,0.0042729294,0.12670338,0.06917629,0.0042729294,0.73586947,0.0042729294,0.0042729294,0.0042729294,0.0042729294,0.04261316
243472,0.30535808,0.010623037,0.100279726,0.010623037,0.04509447,0.42175105,0.010623037,0.08502444,0.010623037,2.5767758e-05,2.5767758e-05,2.5767758e-05,0.8046304,0.19526654,2.5767758e-05,0.0021287394,0.1430379,0.07145684,0.0021287394,0.74614275,0.0021287394,0.0021287394,0.0021287394,0.0021287394,0.02658991
243473,0.31701994,0.010700318,0.12881163,0.010700318,0.047398735,0.3945646,0.010700318,0.06940381,0.010700318,0.0032265526,0.0032265526,0.0032265526,0.69772613,0.2893677,0.0032265526,0.002296514,0.14291789,0.06790664,0.002296514,0.75185025,0.002296514,0.002296514,0.002296514,0.002296514,0.023546115
243474,0.25361392,0.012910024,0.21922296,0.012910024,0.075169064,0.32554772,0.012910024,0.07480631,0.012910024,0.0002524225,0.0002524225,0.0002524225,0.8161103,0.1828799,0.0002524225,0.0011741872,0.1359733,0.06689918,0.0011741872,0.7729058,0.0011741872,0.0011741872,0.0011741872,0.0011741872,0.017176589
243476,0.40327826,0.008903297,0.076323405,0.008903297,0.0251045,0.42913243,0.008903297,0.03054817,0.008903297,0.00067917845,0.00067917845,0.00067917845,0.81067824,0.18660505,0.00067917845,0.0015346626,0.13841547,0.067331694,0.0015346626,0.7671861,0.0015346626,0.0015346626,0.0015346626,0.0015346626,0.017858827
243479,0.2768996,0.011554947,0.116320185,0.011554947,0.05117387,0.40429863,0.011554947,0.10508806,0.011554947,1.974346e-05,1.974346e-05,1.974346e-05,0.8218711,0.17804985,1.974346e-05,0.0024104938,0.14321236,0.073743016,0.0024104938,0.7369028,0.0024104938,0.0024104938,0.0024104938,0.0024104938,0.03167891
243480,0.3590891,0.009898524,0.096169256,0.009898524,0.032419734,0.4230008,0.009898524,0.04972691,0.009898524,2.8530217e-06,2.8530217e-06,2.8530217e-06,0.8186332,0.18135542,2.8530217e-06,0.0015643515,0.1387782,0.06936783,0.0015643515,0.76082474,0.0015643515,0.0015643515,0.0015643515,0.0015643515,0.021643154
243481,0.39778468,0.009042371,0.0808243,0.009042371,0.027260868,0.42541087,0.009042371,0.032549653,0.009042371,4.257474e-05,4.257474e-05,4.257474e-05,0.81453514,0.1852947,4.257474e-05,0.0013210509,0.1374226,0.06715194,0.0013210509,0.769964,0.0013210509,0.0013210509,0.0013210509,0.0013210509,0.01753502
243483,0.2224257,0.012795055,0.17775477,0.012795055,0.15549456,0.24404979,0.012795055,0.14909497,0.012795055,0.0001750534,0.0001750534,0.0001750534,0.8164477,0.18285206,0.0001750534,0.0023194533,0.14286938,0.07344997,0.0023194533,0.73880315,0.0023194533,0.0023194533,0.0023194533,0.0023194533,0.030960724
243484,0.39101982,0.009135334,0.08311756,0.009135334,0.028768115,0.42533723,0.009135334,0.035215873,0.009135334,0.00077146577,0.00077146577,0.00077146577,0.7767721,0.2201421,0.00077146577,0.0019865213,0.14248781,0.06854515,0.0019865213,0.7552946,0.0019865213,0.0019865213,0.0019865213,0.0019865213,0.021753266
243485,0.31886435,0.010703918,0.09883462,0.010703918,0.03488542,0.43131042,0.010703918,0.073289484,0.010703918,0.0033472911,0.0033472911,0.0033472911,0.7908197,0.19579117,0.0033472911,0.0020086837,0.14303556,0.06929621,0.0020086837,0.75303245,0.0020086837,0.0020086837,0.0020086837,0.0020086837,0.022583762
243486,0.2241006,0.012562176,0.16876188,0.012562176,0.16063589,0.24082874,0.012562176,0.15542427,0.012562176,0.00013882562,0.00013882562,0.00013882562,0.8187206,0.1807241,0.00013882562,0.0024854098,0.14306317,0.074226394,0.0024854098,0.73468506,0.0024854098,0.0024854098,0.0024854098,0.0024854098,0.033113122
243487,0.23019865,0.013013624,0.22348197,0.013013624,0.15893926,0.24179228,0.013013624,0.09353325,0.013013624,0.002995263,0.002995263,0.002995263,0.7276106,0.26040837,0.002995263,0.0024759949,0.14355531,0.07005,0.0024759949,0.74456024,0.0024759949,0.0024759949,0.0024759949,0.0024759949,0.026978428
243489,0.2370677,0.011683624,0.14899796,0.011683624,0.109215796,0.32506537,0.011683624,0.13291866,0.011683624,1.0226963e-06,1.0226963e-06,1.0226963e-06,0.8140384,0.18595739,1.0226963e-06,0.002027704,0.14100564,0.07250804,0.002027704,0.7453715,0.002027704,0.002027704,0.002027704,0.002027704,0.02894869
243490,0.25482413,0.012104785,0.14640515,0.012104785,0.07079742,0.36794457,0.012104785,0.111609526,0.012104785,6.015686e-06,6.015686e-06,6.015686e-06,0.82149714,0.1784789,6.015686e-06,0.003941173,0.13629599,0.077309705,0.003941173,0.71371794,0.003941173,0.003941173,0.003941173,0.003941173,0.04902938
243493,0.22378325,0.013519818,0.23513636,0.013519818,0.14022404,0.25031382,0.013519818,0.0964632,0.013519818,0.0032154606,0.0032154606,0.0032154606,0.7476573,0.23948088,0.0032154606,0.0032826785,0.14127462,0.0692558,0.0032826785,0.7402783,0.0032826785,0.0032826785,0.0032826785,0.0032826785,0.0294953
243497,0.22117165,0.012864513,0.16537613,0.012864513,0.1738204,0.21910171,0.012864513,0.16907206,0.012864513,0.0037025665,0.0037025665,0.0037025665,0.75809836,0.22709142,0.0037025665,0.0012639827,0.13586031,0.0688698,0.0012639827,0.76721376,0.0012639827,0.0012639827,0.0012639827,0.0012639827,0.02047227
243499,0.24083498,0.012612728,0.21133755,0.012612728,0.09277239,0.31383562,0.012612728,0.09076852,0.012612728,3.4117656e-05,3.4117656e-05,3.4117656e-05,0.8198869,0.17997666,3.4117656e-05,0.0013295325,0.13722128,0.06785979,0.0013295325,0.76797926,0.0013295325,0.0013295325,0.0013295325,0.0013295325,0.018962666
243500,0.2554657,0.011827915,0.13931555,0.011827915,0.07444653,0.36706895,0.011827915,0.11639174,0.011827915,4.6458813e-06,4.6458813e-06,4.6458813e-06,0.81880677,0.18117465,4.6458813e-06,0.0013358704,0.13656391,0.069163315,0.0013358704,0.76515824,0.0013358704,0.0013358704,0.0013358704,0.0013358704,0.021099493
243501,0.23391233,0.013358036,0.24312772,0.013358036,0.1247597,0.26734233,0.013358036,0.077425815,0.013358036,0.0035544198,0.0035544198,0.0035544198,0.7151946,0.27058777,0.0035544198,0.0024557516,0.14265013,0.06739629,0.0024557516,0.7509342,0.0024557516,0.0024557516,0.0024557516,0.0024557516,0.0242848
243505,0.22096193,0.013437681,0.22976056,0.013437681,0.111158624,0.28343043,0.013437681,0.10093764,0.013437681,0.00303961,0.00303961,0.00303961,0.7453352,0.24250627,0.00303961,0.00305737,0.1436544,0.07078128,0.00305737,0.73729295,0.00305737,0.00305737,0.00305737,0.00305737,0.029927254
243506,0.23947965,0.011333508,0.118915364,0.011333508,0.1117887,0.32853234,0.011333508,0.15594989,0.011333508,1.1755556e-06,1.1755556e-06,1.1755556e-06,0.8193775,0.18061788,1.1755556e-06,0.0026157266,0.14297129,0.07465245,0.0026157266,0.73191804,0.0026157266,0.0026157266,0.0026157266,0.0026157266,0.034763962
243510,0.28620544,0.011538779,0.118712716,0.011538779,0.04477795,0.4104449,0.011538779,0.093703814,0.011538779,4.8626994e-06,4.8626994e-06,4.8626994e-06,0.8232057,0.1767747,4.8626994e-06,0.0021379064,0.14218695,0.07236453,0.0021379064,0.74390554,0.0021379064,0.0021379064,0.0021379064,0.0021379064,0.028715465
243511,0.33787912,0.009952746,0.09431151,0.009952746,0.037755027,0.42876455,0.009952746,0.06147868,0.009952746,0.00017063213,0.00017063213,0.00017063213,0.77403605,0.2252814,0.00017063213,0.0044258023,0.124247015,0.062519684,0.0044258023,0.7555088,0.0044258023,0.0044258023,0.0044258023,0.0044258023,0.031169694
243521,0.2523547,0.012119768,0.15187795,0.012119768,0.07423089,0.36208445,0.012119768,0.1109729,0.012119768,1.9974494e-05,1.9974494e-05,1.9974494e-05,0.82277143,0.17714863,1.9974494e-05,0.0021444142,0.14212736,0.072814345,0.0021444142,0.7428053,0.0021444142,0.0021444142,0.0021444142,0.0021444142,0.02938663
243525,0.22408305,0.012578892,0.17170928,0.012578892,0.15725127,0.24514234,0.012578892,0.15149844,0.012578892,0.00044968261,0.00044968261,0.00044968261,0.8079908,0.19021042,0.00044968261,0.0029187489,0.14451464,0.07451714,0.0029187489,0.7284802,0.0029187489,0.0029187489,0.0029187489,0.0029187489,0.034975536
243529,0.2833566,0.0111003965,0.10828095,0.0111003965,0.0543379,0.40484455,0.0111003965,0.10477852,0.0111003965,9.735665e-05,9.735665e-05,9.735665e-05,0.8240283,0.17558233,9.735665e-05,0.00397315,0.1368265,0.076149166,0.00397315,0.71808434,0.00397315,0.00397315,0.00397315,0.00397315,0.04510115
243530,0.22742584,0.012213,0.17646252,0.012213,0.146119,0.26513243,0.012213,0.13600826,0.012213,0.00036405888,0.00036405888,0.00036405888,0.8042193,0.19432452,0.00036405888,0.0020118481,0.14193012,0.07170841,0.0020118481,0.7473149,0.0020118481,0.0020118481,0.0020118481,0.0020118481,0.026975475
243531,0.30227026,0.011013278,0.16747619,0.011013278,0.06336293,0.35763314,0.011013278,0.06520431,0.011013278,0.0025768145,0.0025768145,0.0025768145,0.64051217,0.34918058,0.0025768145,0.0014914181,0.13930623,0.06459415,0.0014914181,0.770181,0.0014914181,0.0014914181,0.0014914181,0.0014914181,0.016970107
243532,0.21628119,0.013570377,0.20130447,0.013570377,0.15697524,0.23220724,0.013570377,0.13895042,0.013570377,0.0036934405,0.0036934405,0.0036934405,0.7622711,0.22295518,0.0036934405,0.002179177,0.14308263,0.07230595,0.002179177,0.74314547,0.002179177,0.002179177,0.002179177,0.002179177,0.028391082
243534,0.24894837,0.012270665,0.20448232,0.012270665,0.093444355,0.31651932,0.012270665,0.087522976,0.012270665,5.4371732e-05,5.4371732e-05,5.4371732e-05,0.8024931,0.19728944,5.4371732e-05,0.0016405361,0.13936508,0.06992212,0.0016405361,0.75795436,0.0016405361,0.0016405361,0.0016405361,0.0016405361,0.022915158
243538,0.36121705,0.009922888,0.08475341,0.009922888,0.025192784,0.44127747,0.009922888,0.04786775,0.009922888,0.0032322325,0.0032322325,0.0032322325,0.82309836,0.16397272,0.0032322325,0.0013858523,0.13799454,0.06782117,0.0013858523,0.7673005,0.0013858523,0.0013858523,0.0013858523,0.0013858523,0.0185686
243541,0.22868071,0.012242818,0.19617254,0.012242818,0.14558952,0.26287463,0.012242818,0.117711246,0.012242818,6.0361028e-05,6.0361028e-05,6.0361028e-05,0.75312334,0.2466352,6.0361028e-05,0.0012764687,0.1366706,0.067647114,0.0012764687,0.7692467,0.0012764687,0.0012764687,0.0012764687,0.0012764687,0.018776774
243543,0.2322771,0.012979048,0.22875762,0.012979048,0.14285031,0.25636452,0.012979048,0.08783437,0.012979048,0.00047133744,0.00047133744,0.00047133744,0.74300164,0.25511312,0.00047133744,0.0011828888,0.13626696,0.066068225,0.0011828888,0.77409536,0.0011828888,0.0011828888,0.0011828888,0.0011828888,0.016472079
243544,0.37431988,0.0096720755,0.09029753,0.0096720755,0.028564507,0.42572805,0.0096720755,0.0424017,0.0096720755,0.0036511377,0.0036511377,0.0036511377,0.75808764,0.22730778,0.0036511377,0.0016913065,0.14073673,0.06832019,0.0016913065,0.7606621,0.0016913065,0.0016913065,0.0016913065,0.0016913065,0.020133104
243545,0.23399143,0.011784385,0.1626019,0.011784385,0.118108585,0.30950367,0.011784385,0.12865682,0.011784385,4.115252e-05,4.115252e-05,4.115252e-05,0.7888925,0.21094278,4.115252e-05,0.0013012661,0.13688764,0.068268694,0.0013012661,0.7675399,0.0013012661,0.0013012661,0.0013012661,0.0013012661,0.01949614
243554,0.23246537,0.013103372,0.22199158,0.013103372,0.09117038,0.31021813,0.013103372,0.091741174,0.013103372,0.003656275,0.003656275,0.003656275,0.76782465,0.2175503,0.003656275,0.0023631651,0.14455256,0.07170006,0.0023631651,0.74195355,0.0023631651,0.0023631651,0.0023631651,0.0023631651,0.027614871
243555,0.22951506,0.012000777,0.17037441,0.012000777,0.13328879,0.28586754,0.012000777,0.13295108,0.012000777,0.0036008502,0.0036008502,0.0036008502,0.7739398,0.21165682,0.0036008502,0.001683993,0.13943276,0.070773676,0.001683993,0.75520617,0.001683993,0.001683993,0.001683993,0.001683993,0.024483588
243557,0.25116798,0.012507745,0.2211796,0.012507745,0.098085165,0.30385903,0.012507745,0.07567729,0.012507745,0.002716802,0.002716802,0.002716802,0.71770555,0.2714272,0.002716802,0.0011312063,0.13617063,0.06501323,0.0011312063,0.77688605,0.0011312063,0.0011312063,0.0011312063,0.0011312063,0.0151431225
243558,0.21969241,0.013071458,0.17821728,0.013071458,0.16583158,0.22755508,0.013071458,0.15641773,0.013071458,9.6528165e-06,9.6528165e-06,9.6528165e-06,0.8147615,0.18519992,9.6528165e-06,0.0011984212,0.1354753,0.06826576,0.0011984212,0.7696942,0.0011984212,0.0011984212,0.0011984212,0.0011984212,0.019374229
243559,0.23233135,0.012929556,0.21374372,0.012929556,0.09410217,0.3114871,0.012929556,0.09661744,0.012929556,0.0035075329,0.0035075329,0.0035075329,0.7751301,0.2108398,0.0035075329,0.0022647462,0.14358914,0.072164424,0.0022647462,0.7421942,0.0022647462,0.0022647462,0.0022647462,0.0022647462,0.028463868
243561,0.23060752,0.011884423,0.15330121,0.011884423,0.15260614,0.26107866,0.011884423,0.15486868,0.011884423,8.809294e-07,8.809294e-07,8.809294e-07,0.8175855,0.18241094,8.809294e-07,0.0013335646,0.13650551,0.06921784,0.0013335646,0.7651065,0.0013335646,0.0013335646,0.0013335646,0.0013335646,0.021168752
243562,0.37056184,0.009430916,0.078623086,0.009430916,0.026073406,0.4432593,0.009430916,0.043758772,0.009430916,0.00028664357,0.00028664357,0.00028664357,0.8207008,0.1781525,0.00028664357,0.0031276073,0.14276686,0.07037929,0.0031276073,0.7386259,0.0031276073,0.0031276073,0.0031276073,0.0031276073,0.029462444
243579,0.21727128,0.013334298,0.17827083,0.013334298,0.17224136,0.21655847,0.013334298,0.1623208,0.013334298,0.0028457327,0.0028457327,0.0028457327,0.77247405,0.21614298,0.0028457327,0.0012132007,0.1356262,0.068179086,0.0012132007,0.7696141,0.0012132007,0.0012132007,0.0012132007,0.0012132007,0.019301232
243581,0.22410847,0.013680251,0.2347462,0.013680251,0.0888596,0.30550402,0.013680251,0.09206069,0.013680251,0.0008541628,0.0008541628,0.0008541628,0.81694007,0.17964327,0.0008541628,0.0017718012,0.14051127,0.0706329,0.0017718012,0.7539759,0.0017718012,0.0017718012,0.0017718012,0.0017718012,0.024248937
243582,0.20301996,0.015825074,0.29169136,0.015825074,0.097861566,0.25912535,0.015825074,0.08500145,0.015825074,0.000885463,0.000885463,0.000885463,0.80671364,0.18974456,0.000885463,0.0015944057,0.13953996,0.06949154,0.0015944057,0.75939745,0.0015944057,0.0015944057,0.0015944057,0.0015944057,0.022004798
243583,0.25379765,0.0134787625,0.22045165,0.0134787625,0.059331194,0.34011695,0.0134787625,0.07238751,0.0134787625,0.003680812,0.003680812,0.003680812,0.7585969,0.22667983,0.003680812,0.0020078078,0.14330079,0.06955498,0.0020078078,0.752013,0.0020078078,0.0020078078,0.0020078078,0.0020078078,0.023084352
243587,0.42026743,0.00859242,0.071036525,0.00859242,0.02307366,0.42623997,0.00859242,0.025012875,0.00859242,8.053094e-05,8.053094e-05,8.053094e-05,0.79360193,0.20607595,8.053094e-05,0.0013735367,0.13765398,0.06649484,0.0013735367,0.7710125,0.0013735367,0.0013735367,0.0013735367,0.0013735367,0.016597511
243589,0.2855118,0.011240872,0.13901387,0.011240872,0.059795476,0.3810784,0.011240873,0.08963686,0.011240873,0.00034804462,0.00034804462,0.00034804462,0.81014115,0.18846677,0.00034804462,0.002040184,0.14230318,0.07106025,0.002040184,0.74888134,0.002040184,0.002040184,0.002040184,0.002040184,0.025514098
243590,0.3870914,0.009218314,0.081125535,0.009218314,0.026781993,0.43145183,0.009218314,0.036676005,0.009218314,1.9972973e-05,1.9972973e-05,1.9972973e-05,0.8074619,0.19245833,1.9972973e-05,0.0018479985,0.14102736,0.07088468,0.0018479985,0.75232923,0.0018479985,0.0018479985,0.0018479985,0.0018479985,0.024670552
243591,0.3043849,0.0112626925,0.112748586,0.0112626925,0.037341904,0.42032465,0.0112626925,0.080149226,0.0112626925,0.0010635532,0.0010635532,0.0010635532,0.82569224,0.17005356,0.0010635532,0.0018463884,0.14142948,0.07047898,0.0018463884,0.7532576,0.0018463884,0.0018463884,0.0018463884,0.0018463884,0.02375566
243593,0.35247588,0.009902495,0.08444787,0.009902495,0.027938696,0.442826,0.009902495,0.052701607,0.009902495,0.000911901,0.000911901,0.000911901,0.8264249,0.16992743,0.000911901,0.002532158,0.1430732,0.06958773,0.002532158,0.7466441,0.002532158,0.002532158,0.002532158,0.002532158,0.025502041
243594,0.34934533,0.0101578925,0.10751055,0.0101578925,0.03672559,0.41185465,0.0101578925,0.05393232,0.0101578925,0.0035280504,0.0035280504,0.0035280504,0.7069809,0.27890688,0.0035280504,0.0015231295,0.13944156,0.06772538,0.0015231295,0.7644558,0.0015231295,0.0015231295,0.0015231295,0.0015231295,0.019238435
243595,0.3296391,0.010579197,0.103689365,0.010579197,0.03432758,0.4248213,0.010579197,0.06520601,0.010579197,0.00017593929,0.00017593929,0.00017593929,0.8086438,0.19065249,0.00017593929,0.0021136368,0.14283639,0.071494296,0.0021136368,0.7463447,0.0021136368,0.0021136368,0.0021136368,0.0021136368,0.02664298
243596,0.32676658,0.010634045,0.11096793,0.010634045,0.037436895,0.41592085,0.010634045,0.06637149,0.010634045,0.00027086344,0.00027086344,0.00027086344,0.7855868,0.21332976,0.00027086344,0.0018662454,0.1418379,0.06963083,0.0018662454,0.7547915,0.0018662454,0.0018662454,0.0018662454,0.0018662454,0.02254232
243597,0.28513122,0.011579624,0.13424858,0.011579624,0.050732825,0.3938072,0.011579624,0.08976151,0.011579624,0.0008655501,0.0008655501,0.0008655501,0.7759899,0.22054799,0.0008655501,0.0020404314,0.14322574,0.070628166,0.0020404314,0.7493168,0.0020404314,0.0020404314,0.0020404314,0.0020404314,0.024586508
243598,0.30963072,0.011069168,0.10828923,0.011069168,0.03659296,0.42363268,0.011069168,0.07757773,0.011069168,0.00091164967,0.00091164967,0.00091164967,0.7951069,0.20124656,0.00091164967,0.0017559532,0.14110714,0.06933389,0.0017559532,0.75732785,0.0017559532,0.0017559532,0.0017559532,0.0017559532,0.02169538
243599,0.33979934,0.010310293,0.08500198,0.010310293,0.026152551,0.44886303,0.010310293,0.05894205,0.010310293,0.0003247721,0.0003247721,0.0003247721,0.8078499,0.19085112,0.0003247721,0.001678637,0.14047104,0.06926508,0.001678637,0.7587169,0.001678637,0.001678637,0.001678637,0.001678637,0.02147503
243601,0.31281212,0.010743435,0.099468924,0.010743435,0.0374167,0.42933473,0.010743435,0.077993825,0.010743435,0.00014561646,0.00014561646,0.00014561646,0.8202661,0.1791514,0.00014561646,0.0015607708,0.13846666,0.06984286,0.0015607708,0.75976616,0.0015607708,0.0015607708,0.0015607708,0.0015607708,0.022559583
243602,0.26432246,0.012776368,0.19803555,0.012776368,0.059742674,0.3517368,0.012776368,0.075057045,0.012776368,0.0036429819,0.0036429819,0.0036429819,0.7600969,0.2253312,0.0036429819,0.0014780754,0.1387874,0.068709925,0.0014780754,0.7632656,0.0014780754,0.0014780754,0.0014780754,0.0014780754,0.020368496
243604,0.2584882,0.011847131,0.15585355,0.011847131,0.07727588,0.35686123,0.011847131,0.10413261,0.011847131,0.001114419,0.001114419,0.001114419,0.7876367,0.20790564,0.001114419,0.0016634509,0.13933112,0.0703615,0.0016634509,0.7565815,0.0016634509,0.0016634509,0.0016634509,0.0016634509,0.023744967
243605,0.29420388,0.01115973,0.13169923,0.01115973,0.052272104,0.3920249,0.01115973,0.085160956,0.01115973,0.0036606302,0.0036606302,0.0036606302,0.7589478,0.22640973,0.0036606302,0.0041476116,0.13172054,0.07166492,0.0041476116,0.73037314,0.0041476116,0.0041476116,0.0041476116,0.0041476116,0.041355673
243606,0.25082767,0.011679589,0.17247209,0.011679589,0.09750603,0.3287242,0.011679589,0.103751585,0.011679589,0.00026028696,0.00026028696,0.00026028696,0.75502515,0.24393368,0.00026028696,0.0021151113,0.14332758,0.07079795,0.0021151113,0.7475134,0.0021151113,0.0021151113,0.0021151113,0.0021151113,0.02567037
243607,0.26652366,0.011942204,0.15496238,0.011942204,0.065615475,0.36927792,0.011942204,0.095851846,0.011942204,0.0003678898,0.0003678898,0.0003678898,0.8103057,0.18822266,0.0003678898,0.0016626958,0.13949518,0.070187345,0.0016626958,0.7570188,0.0016626958,0.0016626958,0.0016626958,0.0016626958,0.023322279
243609,0.24187864,0.011853659,0.18054774,0.011853659,0.10751438,0.3147855,0.011853659,0.107859135,0.011853659,0.0011616412,0.0011616412,0.0011616412,0.7943633,0.20099011,0.0011616412,0.0019091263,0.14168127,0.070876695,0.0019091263,0.7509811,0.0019091263,0.0019091263,0.0019091263,0.0019091263,0.025006365
243610,0.254773,0.012699846,0.22146861,0.012699846,0.08445903,0.31530243,0.012699846,0.07319759,0.012699846,0.0036506339,0.0036506339,0.0036506339,0.75885385,0.22654359,0.0036506339,0.001582144,0.13953388,0.06892283,0.001582144,0.76087505,0.001582144,0.001582144,0.001582144,0.001582144,0.021175465
243611,0.24091361,0.012905257,0.2074209,0.012905257,0.080224864,0.32918128,0.012905257,0.090638384,0.012905257,0.003164433,0.003164433,0.003164433,0.7876075,0.19973473,0.003164433,0.0016641921,0.14030713,0.06979885,0.0016641921,0.757518,0.0016641921,0.0016641921,0.0016641921,0.0016641921,0.022390842
243612,0.21192624,0.014089153,0.20406477,0.014089153,0.16194585,0.22014508,0.014089153,0.14556146,0.014089153,4.156103e-06,4.156103e-06,4.156103e-06,0.8181356,0.1818477,4.156103e-06,0.0012746904,0.13618025,0.06873495,0.0012746904,0.7671983,0.0012746904,0.0012746904,0.0012746904,0.0012746904,0.02023815
243613,0.23901637,0.012773306,0.19774584,0.012773306,0.08383762,0.3304904,0.012773306,0.09781648,0.012773306,0.0032762107,0.0032762107,0.0032762107,0.7927872,0.19410807,0.0032762107,0.001746365,0.14050367,0.07036935,0.001746365,0.7550095,0.001746365,0.001746365,0.001746365,0.001746365,0.0236394
243614,0.2277884,0.014297057,0.24817558,0.014297057,0.071923755,0.31454808,0.014297057,0.08037596,0.014297057,0.0034286648,0.0034286648,0.0034286648,0.76497257,0.22131288,0.0034286648,0.0018339338,0.14154407,0.0703701,0.0018339338,0.75336915,0.0018339338,0.0018339338,0.0018339338,0.0018339338,0.02371324
243616,0.20656076,0.015397931,0.28231993,0.015397931,0.099029936,0.26455495,0.015397931,0.085942775,0.015397931,0.0036373332,0.0036373332,0.0036373332,0.75983876,0.22561187,0.0036373332,0.001754351,0.14175925,0.069355994,0.001754351,0.7565737,0.001754351,0.001754351,0.001754351,0.001754351,0.021784868
243617,0.24307516,0.01329758,0.21836084,0.01329758,0.07170699,0.33120757,0.01329758,0.08245919,0.01329758,0.00035312516,0.00035312516,0.00035312516,0.7903842,0.20820324,0.00035312516,0.001717756,0.14062285,0.069781624,0.001717756,0.7566807,0.001717756,0.001717756,0.001717756,0.001717756,0.02260832
243618,0.36601776,0.009497305,0.082880214,0.009497305,0.029020078,0.4378196,0.009497305,0.04627302,0.009497305,0.000111744754,0.000111744754,0.000111744754,0.77285767,0.2266953,0.000111744754,0.0035338697,0.13611707,0.06459838,0.0035338697,0.7517176,0.0035338697,0.0035338697,0.0035338697,0.0035338697,0.026363872
243621,0.32288715,0.010298866,0.10240873,0.010298866,0.042473923,0.41994664,0.010298866,0.07108805,0.010298866,0.003701088,0.003701088,0.003701088,0.742616,0.24257958,0.003701088,0.0048240465,0.10797974,0.054234285,0.0048240465,0.77349776,0.0048240465,0.0048240465,0.0048240465,0.0048240465,0.035343904
243622,0.21981546,0.013024107,0.17276618,0.013024107,0.17089704,0.22166847,0.013024107,0.16275637,0.013024107,5.477621e-07,5.477621e-07,5.477621e-07,0.8167231,0.18327466,5.477621e-07,0.0012127402,0.13558914,0.06830677,0.0012127402,0.769366,0.0012127402,0.0012127402,0.0012127402,0.0012127402,0.019461589
243623,0.2516701,0.011645446,0.096798345,0.011645446,0.06456268,0.39233756,0.011645446,0.14804953,0.011645446,1.2887124e-06,1.2887124e-06,1.2887124e-06,0.8180463,0.18194857,1.2887124e-06,0.0043226583,0.11727269,0.06681067,0.0043226583,0.7310899,0.0043226583,0.0043226583,0.0043226583,0.0043226583,0.058890663
243624,0.25427824,0.011744112,0.11630673,0.011744112,0.07005248,0.37992728,0.011744112,0.13245891,0.011744112,0.001173599,0.001173599,0.001173599,0.82413226,0.17117333,0.001173599,0.0033531603,0.14266999,0.076033354,0.0033531603,0.72078055,0.0033531603,0.0033531603,0.0033531603,0.0033531603,0.040397078
243626,0.29865804,0.01068564,0.07791232,0.01068564,0.034223,0.45545813,0.01068564,0.09100592,0.01068564,1.1115056e-06,1.1115056e-06,1.1115056e-06,0.82026035,0.17973523,1.1115056e-06,0.0038101259,0.13947017,0.07818138,0.0038101259,0.712049,0.0038101259,0.0038101259,0.0038101259,0.0038101259,0.047438692
243627,0.3082523,0.011076598,0.12457144,0.011076598,0.043319702,0.4038112,0.011076598,0.07573894,0.011076598,0.00058302155,0.00058302155,0.00058302155,0.78178203,0.21588586,0.00058302155,0.0014228765,0.13846579,0.06828212,0.0014228765,0.765329,0.0014228765,0.0014228765,0.0014228765,0.0014228765,0.019385854
243629,0.31760037,0.010665822,0.10265586,0.010665822,0.03781213,0.42510116,0.010665822,0.07416725,0.010665822,0.00027700284,0.00027700284,0.00027700284,0.79971296,0.199179,0.00027700284,0.001610767,0.13912827,0.0699293,0.001610767,0.75863034,0.001610767,0.001610767,0.001610767,0.001610767,0.022647584
243631,0.3149657,0.010756278,0.099063516,0.010756278,0.03590619,0.43076456,0.010756278,0.0762748,0.010756278,0.0032529188,0.0032529188,0.0032529188,0.78693175,0.20005661,0.0032529188,0.0037722206,0.14062749,0.07514129,0.0037722206,0.7224948,0.0037722206,0.0037722206,0.0037722206,0.0037722206,0.03910301
243632,0.23840342,0.0123986285,0.21064094,0.0123986285,0.106637746,0.30099678,0.0123986285,0.093726665,0.0123986285,0.0008861585,0.0008861585,0.0008861585,0.7868417,0.20961374,0.0008861585,0.0019987142,0.14214326,0.071133606,0.0019987142,0.7487831,0.0019987142,0.0019987142,0.0019987142,0.0019987142,0.025947632
243633,0.3213787,0.010643679,0.09344821,0.010643679,0.032172322,0.43888944,0.010643679,0.071536474,0.010643679,0.00013778296,0.00013778296,0.00013778296,0.80128485,0.19816402,0.00013778296,0.0021565373,0.14268686,0.0720736,0.0021565373,0.74436414,0.0021565373,0.0021565373,0.0021565373,0.0021565373,0.02793625
243636,0.21267268,0.0128213335,0.08161334,0.0128213335,0.16389872,0.17778152,0.0128213335,0.31274846,0.0128213335,0.0008141928,0.0008141928,0.0008141928,0.82976377,0.16697942,0.0008141928,0.005694838,0.046062883,0.018771024,0.005694838,0.81361365,0.005694838,0.005694838,0.005694838,0.005694838,0.08738326
243639,0.24908625,0.012828578,0.19070536,0.012828578,0.06795288,0.3506982,0.012828578,0.090243034,0.012828578,0.0010371318,0.0010371318,0.0010371318,0.8189547,0.17689683,0.0010371318,0.0016084518,0.14000972,0.06878562,0.0016084518,0.7610128,0.0016084518,0.0016084518,0.0016084518,0.0016084518,0.0205411
243644,0.22703785,0.012295443,0.13618854,0.012295443,0.1740186,0.21855964,0.012295443,0.19501361,0.012295443,0.0010370977,0.0010370977,0.0010370977,0.8210913,0.17476033,0.0010370977,0.005003615,0.08359241,0.041758552,0.005003615,0.77841645,0.005003615,0.005003615,0.005003615,0.005003615,0.06621113
243645,0.34934533,0.0101578925,0.10751055,0.0101578925,0.03672559,0.41185465,0.0101578925,0.05393232,0.0101578925,0.0035280504,0.0035280504,0.0035280504,0.7069809,0.27890688,0.0035280504,0.0015231295,0.13944156,0.06772538,0.0015231295,0.7644558,0.0015231295,0.0015231295,0.0015231295,0.0015231295,0.019238435
243646,0.27171868,0.0120598925,0.14292909,0.0120598925,0.053895358,0.38767704,0.0120598925,0.09554016,0.0120598925,0.0032079134,0.0032079134,0.0032079134,0.81909484,0.16807352,0.0032079134,0.0038960087,0.13911803,0.07612353,0.0038960087,0.7190899,0.0038960087,0.0038960087,0.0038960087,0.0038960087,0.04229262
243647,0.20932348,0.01472604,0.2402382,0.01472604,0.14503033,0.2302392,0.01472604,0.116264515,0.01472604,0.0005803144,0.0005803144,0.0005803144,0.7640426,0.23363622,0.0005803144,0.0012144774,0.13628028,0.067125484,0.0012144774,0.77152836,0.0012144774,0.0012144774,0.0012144774,0.0012144774,0.01777889
243648,0.28007883,0.011530158,0.11438968,0.011530158,0.048100814,0.40941137,0.011530158,0.101898715,0.011530158,0.0032294565,0.0032294565,0.0032294565,0.7933171,0.193765,0.0032294565,0.0023225513,0.14444807,0.07092394,0.0023225513,0.74467444,0.0023225513,0.0023225513,0.0023225513,0.0023225513,0.026018333
243650,0.27391297,0.011829909,0.13912356,0.011829909,0.055830132,0.38709983,0.011829909,0.09671392,0.011829909,0.003420899,0.003420899,0.003420899,0.77179134,0.21452506,0.003420899,0.0020578743,0.14315641,0.070955515,0.0020578743,0.7484311,0.0020578743,0.0020578743,0.0020578743,0.0020578743,0.025109798
243653,0.23060752,0.011884423,0.15330121,0.011884423,0.15260614,0.26107866,0.011884423,0.15486868,0.011884423,8.809294e-07,8.809294e-07,8.809294e-07,0.8175855,0.18241094,8.809294e-07,0.0013335646,0.13650551,0.06921784,0.0013335646,0.7651065,0.0013335646,0.0013335646,0.0013335646,0.0013335646,0.021168752
243654,0.2108799,0.01431297,0.2168403,0.01431297,0.15124007,0.22862986,0.01431297,0.13515787,0.01431297,0.0036503577,0.0036503577,0.0036503577,0.75939435,0.22600433,0.0036503577,0.0013769189,0.13713174,0.06917835,0.0013769189,0.76424587,0.0013769189,0.0013769189,0.0013769189,0.0013769189,0.021182345
243655,0.2306328,0.013233635,0.22075957,0.013233635,0.087542236,0.31492147,0.013233635,0.093209445,0.013233635,0.0037544235,0.0037544235,0.0037544235,0.7585555,0.22642675,0.0037544235,0.0019179534,0.1416957,0.071176544,0.0019179534,0.75012326,0.0019179534,0.0019179534,0.0019179534,0.0019179534,0.025496947
243656,0.26318112,0.012336966,0.17287569,0.012336966,0.06321324,0.3631529,0.012336966,0.0882292,0.012336966,0.003617809,0.003617809,0.003617809,0.7692729,0.2162559,0.003617809,0.0036358,0.14058961,0.07346936,0.0036358,0.7277577,0.0036358,0.0036358,0.0036358,0.0036358,0.036368378
243658,0.22508384,0.013313487,0.2223813,0.013313487,0.09628973,0.30409113,0.013313487,0.098900035,0.013313487,0.0032995713,0.0032995713,0.0032995713,0.80291957,0.18388215,0.0032995713,0.0017152705,0.13985112,0.07063269,0.0017152705,0.7549858,0.0017152705,0.0017152705,0.0017152705,0.0017152705,0.024238927
243660,0.241668,0.012492312,0.17327699,0.012492312,0.08125216,0.34575194,0.012492312,0.10808162,0.012492312,0.00029999163,0.00029999163,0.00029999163,0.8140543,0.18474574,0.00029999163,0.0027054246,0.14424759,0.07421361,0.0027054246,0.7317881,0.0027054246,0.0027054246,0.0027054246,0.0027054246,0.03351805
243661,0.24390498,0.011960502,0.13074538,0.011960502,0.08158326,0.36127737,0.011960502,0.13464703,0.011960502,0.00051395484,0.00051395484,0.00051395484,0.82167715,0.176267,0.00051395484,0.0035702253,0.14247887,0.07513246,0.0035702253,0.72301656,0.0035702253,0.0035702253,0.0035702253,0.0035702253,0.037950598
243663,0.293647,0.010953556,0.0824856,0.010953556,0.034964275,0.4496572,0.010953556,0.09543167,0.010953556,0.00015515006,0.00015515006,0.00015515006,0.80961335,0.18976599,0.00015515006,0.0034973554,0.14244634,0.07373164,0.0034973554,0.72742057,0.0034973554,0.0034973554,0.0034973554,0.0034973554,0.03541747
243664,0.31541577,0.0108271865,0.10012244,0.0108271865,0.034771714,0.43113437,0.0108271865,0.0752469,0.0108271865,0.002863779,0.002863779,0.002863779,0.8098846,0.1786604,0.002863779,0.0027013,0.144163,0.070209466,0.0027013,0.7420713,0.0027013,0.0027013,0.0027013,0.0027013,0.027348623
243666,0.28473997,0.010917127,0.0691636,0.010917127,0.03174198,0.46623483,0.010917127,0.104451016,0.010917127,0.001822384,0.001822384,0.001822384,0.8152262,0.17748423,0.001822384,0.004171796,0.13067329,0.06582984,0.004171796,0.7469764,0.004171796,0.004171796,0.004171796,0.004171796,0.031489573
243667,0.26453385,0.011737616,0.11243462,0.011737616,0.056615006,0.3989523,0.011737616,0.12051372,0.011737616,0.0025805915,0.0025805915,0.0025805915,0.82081765,0.1688599,0.0025805915,0.0035731737,0.14134367,0.07286593,0.0035731737,0.72966784,0.0035731737,0.0035731737,0.0035731737,0.0035731737,0.03468354
243668,0.22701588,0.012244116,0.15589015,0.012244116,0.16522871,0.23820603,0.012244116,0.16468278,0.012244116,8.678824e-07,8.678824e-07,8.678824e-07,0.8173345,0.18266197,8.678824e-07,0.0017442345,0.14005364,0.07067366,0.0017442345,0.7542085,0.0017442345,0.0017442345,0.0017442345,0.0017442345,0.024598828
243669,0.3833851,0.009304691,0.07943925,0.009304691,0.02534402,0.4364905,0.009304691,0.038122524,0.009304691,1.1023537e-06,1.1023537e-06,1.1023537e-06,0.8223787,0.17761694,1.1023537e-06,0.0011926319,0.13610351,0.06604574,0.0011926319,0.7748513,0.0011926319,0.0011926319,0.0011926319,0.0011926319,0.015843485
243670,0.23894331,0.011705928,0.08544496,0.011705928,0.0743524,0.3753597,0.011705928,0.17907594,0.011705928,3.061571e-05,3.061571e-05,3.061571e-05,0.8218349,0.17804268,3.061571e-05,0.004701088,0.10485993,0.055472843,0.004701088,0.7609313,0.004701088,0.004701088,0.004701088,0.004701088,0.050529525
243671,0.21921542,0.014387059,0.26016107,0.014387059,0.12837574,0.24996711,0.014387059,0.08473243,0.014387059,0.002659612,0.002659612,0.002659612,0.6972871,0.2920745,0.002659612,0.0010019622,0.13455054,0.06373447,0.0010019622,0.7821264,0.0010019622,0.0010019622,0.0010019622,0.0010019622,0.013576901
243673,0.33149403,0.010458516,0.113591895,0.010458516,0.039882567,0.40958944,0.010458516,0.06360791,0.010458516,0.002414538,0.002414538,0.002414538,0.8164699,0.17387187,0.002414538,0.0029779468,0.14446166,0.07221185,0.0029779468,0.7344987,0.0029779468,0.0029779468,0.0029779468,0.0029779468,0.030960022
243674,0.25380117,0.013085175,0.2083098,0.013085175,0.06435457,0.3428529,0.013085175,0.07834091,0.013085175,0.0036227938,0.0036227938,0.0036227938,0.7819469,0.20356202,0.0036227938,0.0028032484,0.14438522,0.07061191,0.0028032484,0.7397369,0.0028032484,0.0028032484,0.0028032484,0.0028032484,0.028446402
243675,0.28804475,0.010929474,0.07409199,0.010929474,0.033103347,0.45996672,0.010929474,0.10107532,0.010929474,4.969419e-05,4.969419e-05,4.969419e-05,0.8075739,0.19222729,4.969419e-05,0.003559748,0.14168008,0.076807685,0.003559748,0.7170909,0.003559748,0.003559748,0.003559748,0.003559748,0.043062992
243676,0.2835226,0.01117185,0.19304664,0.01117185,0.1047001,0.3134402,0.01117185,0.06060312,0.01117185,0.0015556571,0.0015556571,0.0015556571,0.52881247,0.4649648,0.0015556571,0.0012377191,0.13746434,0.063394904,0.0012377191,0.77710074,0.0012377191,0.0012377191,0.0012377191,0.0012377191,0.014613656
243677,0.22649647,0.012301722,0.16592371,0.012301722,0.1560054,0.25089553,0.012301722,0.15147194,0.012301722,2.3641235e-06,2.3641235e-06,2.3641235e-06,0.81479317,0.1851974,2.3641235e-06,0.0016824827,0.13929947,0.07078938,0.0016824827,0.75515836,0.0016824827,0.0016824827,0.0016824827,0.0016824827,0.024657823
243678,0.32468003,0.010578082,0.10536061,0.010578082,0.037215527,0.42160666,0.010578082,0.068824805,0.010578082,0.00329505,0.00329505,0.00329505,0.8100406,0.17677915,0.00329505,0.0015984686,0.13947783,0.06878533,0.0015984686,0.7615184,0.0015984686,0.0015984686,0.0015984686,0.0015984686,0.02062765
243679,0.31818452,0.010742602,0.10977233,0.010742602,0.03911746,0.41741815,0.010742602,0.072537065,0.010742602,0.0034388397,0.0034388397,0.0034388397,0.78177065,0.20447396,0.0034388397,0.002325418,0.14339964,0.07013593,0.002325418,0.7472543,0.002325418,0.002325418,0.002325418,0.002325418,0.025257666
243680,0.23419861,0.011853295,0.16196573,0.011853295,0.11419323,0.31399533,0.011853295,0.12823391,0.011853295,2.8015436e-06,2.8015436e-06,2.8015436e-06,0.816294,0.1836948,2.8015436e-06,0.0018424318,0.14040188,0.07160947,0.0018424318,0.7504608,0.0018424318,0.0018424318,0.0018424318,0.0018424318,0.026473096
243682,0.37056184,0.009430916,0.078623086,0.009430916,0.026073406,0.4432593,0.009430916,0.043758772,0.009430916,0.00028664357,0.00028664357,0.00028664357,0.8207008,0.1781525,0.00028664357,0.0031276073,0.14276686,0.07037929,0.0031276073,0.7386259,0.0031276073,0.0031276073,0.0031276073,0.0031276073,0.029462444
243685,0.32428294,0.010578566,0.14378355,0.010578566,0.05302108,0.37535226,0.010578566,0.061245974,0.010578566,0.0035424987,0.0035424987,0.0035424987,0.7659164,0.21991365,0.0035424987,0.0015268688,0.13974571,0.06709969,0.0015268688,0.76575357,0.0015268688,0.0015268688,0.0015268688,0.0015268688,0.018240012
243686,0.23590496,0.013299784,0.2428622,0.013299784,0.13453075,0.26139513,0.013299784,0.07210787,0.013299784,0.002123708,0.002123708,0.002123708,0.58043146,0.41107365,0.002123708,0.001219489,0.13753963,0.065083556,0.001219489,0.77461135,0.001219489,0.001219489,0.001219489,0.001219489,0.015448731
243687,0.3652249,0.0096658,0.083261386,0.0096658,0.027033133,0.4393042,0.0096658,0.04651319,0.0096658,0.0003714221,0.0003714221,0.0003714221,0.8261318,0.17238249,0.0003714221,0.0014174458,0.13808143,0.06740161,0.0014174458,0.76813376,0.0014174458,0.0014174458,0.0014174458,0.0014174458,0.01787841
243690,0.21657892,0.013920013,0.23897755,0.013920013,0.118465476,0.26780155,0.013920013,0.102496386,0.013920013,0.000120119934,0.000120119934,0.000120119934,0.7898888,0.20963068,0.000120119934,0.0012343873,0.13645895,0.06741641,0.0012343873,0.77058697,0.0012343873,0.0012343873,0.0012343873,0.0012343873,0.018131182
243692,0.34061912,0.01029698,0.09719555,0.01029698,0.03221459,0.42980793,0.01029698,0.058974702,0.01029698,0.00076878525,0.00076878525,0.00076878525,0.82298815,0.1739368,0.00076878525,0.0015906807,0.14006384,0.06773723,0.0015906807,0.7635945,0.0015906807,0.0015906807,0.0015906807,0.0015906807,0.019060219
243693,0.29845026,0.0109479595,0.10120455,0.0109479595,0.042671107,0.42369828,0.0109479595,0.090183966,0.0109479595,0.0016292814,0.0016292814,0.0016292814,0.7885129,0.20497006,0.0016292814,0.0031451278,0.14319144,0.071072884,0.0031451278,0.7364733,0.0031451278,0.0031451278,0.0031451278,0.0031451278,0.030391462
243695,0.39778468,0.009042371,0.0808243,0.009042371,0.027260868,0.42541087,0.009042371,0.032549653,0.009042371,4.257474e-05,4.257474e-05,4.257474e-05,0.81453514,0.1852947,4.257474e-05,0.0013210509,0.1374226,0.06715194,0.0013210509,0.769964,0.0013210509,0.0013210509,0.0013210509,0.0013210509,0.01753502
243699,0.31059176,0.010914286,0.11321442,0.010914286,0.041052405,0.4142571,0.010914286,0.0772271,0.010914286,0.0013722811,0.0013722811,0.0013722811,0.80988264,0.1846283,0.0013722811,0.0017409289,0.14100611,0.06838642,0.0017409289,0.7597947,0.0017409289,0.0017409289,0.0017409289,0.0017409289,0.02036719
243700,0.29263127,0.011180943,0.10504232,0.011180943,0.042942733,0.42122608,0.011180943,0.09343382,0.011180943,0.0014156175,0.0014156175,0.0014156175,0.82409596,0.17024161,0.0014156175,0.0026043693,0.14387482,0.073641345,0.0026043693,0.73477626,0.0026043693,0.0026043693,0.0026043693,0.0026043693,0.032081258
243702,0.30406722,0.011036828,0.10441938,0.011036828,0.038907874,0.4248928,0.011036828,0.08356542,0.011036828,0.003496275,0.003496275,0.003496275,0.7895906,0.19642435,0.003496275,0.0020451378,0.14287111,0.06860066,0.0020451378,0.75408036,0.0020451378,0.0020451378,0.0020451378,0.0020451378,0.022176893
243703,0.32777125,0.010550439,0.09068424,0.010550439,0.029678505,0.4428149,0.010550439,0.06684938,0.010550439,0.00347659,0.00347659,0.00347659,0.78423834,0.20185526,0.00347659,0.0015262091,0.13953148,0.06734565,0.0015262091,0.76566947,0.0015262091,0.0015262091,0.0015262091,0.0015262091,0.018296152
243705,0.31572542,0.010693692,0.08196808,0.010693692,0.02792325,0.45627135,0.010693692,0.075337335,0.010693692,0.0002972079,0.0002972079,0.0002972079,0.8118444,0.18696672,0.0002972079,0.0016948173,0.14072408,0.06891157,0.0016948173,0.75933343,0.0016948173,0.0016948173,0.0016948173,0.0016948173,0.020862013
243708,0.32817256,0.010421328,0.082481325,0.010421328,0.027265545,0.45393273,0.010421328,0.06646261,0.010421328,0.0003257713,0.0003257713,0.0003257713,0.8246945,0.17400232,0.0003257713,0.002131056,0.14300579,0.07141201,0.002131056,0.7465584,0.002131056,0.002131056,0.002131056,0.002131056,0.026237562
243711,0.31886435,0.010703918,0.09883462,0.010703918,0.03488542,0.43131042,0.010703918,0.073289484,0.010703918,0.0033472911,0.0033472911,0.0033472911,0.7908197,0.19579117,0.0033472911,0.0020086837,0.14303556,0.06929621,0.0020086837,0.75303245,0.0020086837,0.0020086837,0.0020086837,0.0020086837,0.022583762
243712,0.23631576,0.011496051,0.13239986,0.011496051,0.12237813,0.310803,0.011496051,0.15211904,0.011496051,4.5201443e-07,4.5201443e-07,4.5201443e-07,0.81782854,0.18216959,4.5201443e-07,0.0014758729,0.137601,0.07007955,0.0014758729,0.76053387,0.0014758729,0.0014758729,0.0014758729,0.0014758729,0.022930225
243714,0.28197974,0.01114356,0.099722564,0.01114356,0.0496679,0.41619977,0.01114356,0.1078557,0.01114356,4.724701e-06,4.724701e-06,4.724701e-06,0.8230911,0.17689005,4.724701e-06,0.0018000191,0.14052267,0.07060467,0.0018000191,0.75382364,0.0018000191,0.0018000191,0.0018000191,0.0018000191,0.024248857
243715,0.23865274,0.011794674,0.16904221,0.011794674,0.10829633,0.31916943,0.011794674,0.1176606,0.011794674,0.003123131,0.003123131,0.003123131,0.8005047,0.18700281,0.003123131,0.0012710214,0.13630283,0.06823419,0.0012710214,0.76837903,0.0012710214,0.0012710214,0.0012710214,0.0012710214,0.019457845
243717,0.3027824,0.010483792,0.080839895,0.010483792,0.0379067,0.4488132,0.010483792,0.08772274,0.010483792,3.617282e-05,3.617282e-05,3.617282e-05,0.7947437,0.20511161,3.617282e-05,0.0042898334,0.1278857,0.06682867,0.0042898334,0.7439294,0.0042898334,0.0042898334,0.0042898334,0.0042898334,0.035617094
243718,0.36665952,0.00960319,0.08132676,0.00960319,0.026370768,0.4415403,0.00960319,0.045689844,0.00960319,2.2270879e-05,2.2270879e-05,2.2270879e-05,0.8024934,0.1974175,2.2270879e-05,0.0018205594,0.14018092,0.06699461,0.0018205594,0.76233184,0.0018205594,0.0018205594,0.0018205594,0.0018205594,0.019569395
243719,0.28365058,0.011242813,0.090254806,0.011242813,0.04013789,0.43553397,0.011242813,0.1054515,0.011242813,0.00013001522,0.00013001522,0.00013001522,0.81676,0.18271993,0.00013001522,0.0037312913,0.13978936,0.07229046,0.0037312913,0.7307493,0.0037312913,0.0037312913,0.0037312913,0.0037312913,0.034783244
243720,0.25059122,0.011617434,0.13812588,0.011617434,0.086289264,0.35476062,0.011617434,0.12376323,0.011617434,2.786735e-06,2.786735e-06,2.786735e-06,0.8190964,0.18089235,2.786735e-06,0.0015137172,0.13799289,0.07020317,0.0015137172,0.7595203,0.0015137172,0.0015137172,0.0015137172,0.0015137172,0.023201406
243721,0.36574736,0.009423732,0.08334413,0.009423732,0.030440483,0.43638283,0.009423732,0.04639039,0.009423732,9.163729e-05,9.163729e-05,9.163729e-05,0.80924565,0.19038777,9.163729e-05,0.0041821944,0.1302242,0.06562458,0.0041821944,0.7476612,0.0041821944,0.0041821944,0.0041821944,0.0041821944,0.031396978
243722,0.29830936,0.010696731,0.11717981,0.010696731,0.055501625,0.39871588,0.010696731,0.087506376,0.010696731,0.0010500635,0.0010500635,0.0010500635,0.74809897,0.24770078,0.0010500635,0.0044461256,0.12314266,0.06286005,0.0044461256,0.75409967,0.0044461256,0.0044461256,0.0044461256,0.0044461256,0.033220775
243723,0.232706,0.01170705,0.15545008,0.01170705,0.12970704,0.29666427,0.01170705,0.13864432,0.01170705,5.3580734e-06,5.3580734e-06,5.3580734e-06,0.80766624,0.19231234,5.3580734e-06,0.0022621776,0.14257272,0.07323479,0.0022621776,0.7401366,0.0022621776,0.0022621776,0.0022621776,0.0022621776,0.030482866
243724,0.23482682,0.01179114,0.17044757,0.01179114,0.11749305,0.30805162,0.01179114,0.12201649,0.01179114,2.1056383e-05,2.1056383e-05,2.1056383e-05,0.82143295,0.17848283,2.1056383e-05,0.0019169027,0.1409759,0.07150248,0.0019169027,0.7494925,0.0019169027,0.0019169027,0.0019169027,0.0019169027,0.026527556
243725,0.23544365,0.011420299,0.13813935,0.011420299,0.13388495,0.29597825,0.011420299,0.15087251,0.011420299,4.0523144e-05,4.0523144e-05,4.0523144e-05,0.81987137,0.17996654,4.0523144e-05,0.002231416,0.14205472,0.07307425,0.002231416,0.7410201,0.002231416,0.002231416,0.002231416,0.002231416,0.030462649
243726,0.29394478,0.011021249,0.08998053,0.011021249,0.037973564,0.43897143,0.011021249,0.09504477,0.011021249,0.00020232429,0.00020232429,0.00020232429,0.8240139,0.17517684,0.00020232429,0.0020920057,0.14273697,0.07136488,0.0020920057,0.747299,0.0020920057,0.0020920057,0.0020920057,0.0020920057,0.026047228
243727,0.27692366,0.011190739,0.0887663,0.011190739,0.046378385,0.42704204,0.011190739,0.11612654,0.011190739,1.8308514e-05,1.8308514e-05,1.8308514e-05,0.8202937,0.17963304,1.8308514e-05,0.0032163388,0.14226584,0.075672776,0.0032163388,0.7227011,0.0032163388,0.0032163388,0.0032163388,0.0032163388,0.04006229
243728,0.26991856,0.011274126,0.09182124,0.011274126,0.052605856,0.41528252,0.011274126,0.1252755,0.011274126,7.994079e-06,7.994079e-06,7.994079e-06,0.82400054,0.1759675,7.994079e-06,0.0020401145,0.14194295,0.071836285,0.0020401145,0.7468293,0.0020401145,0.0020401145,0.0020401145,0.0020401145,0.027150944
243729,0.21519499,0.013581578,0.18161017,0.013581578,0.17840883,0.20704368,0.013581578,0.16341612,0.013581578,3.4610144e-05,3.4610144e-05,3.4610144e-05,0.8040664,0.19579515,3.4610144e-05,0.0012125,0.13566375,0.068098694,0.0012125,0.769767,0.0012125,0.0012125,0.0012125,0.0012125,0.019195743
243730,0.3027824,0.010483792,0.080839895,0.010483792,0.0379067,0.4488132,0.010483792,0.08772274,0.010483792,3.617282e-05,3.617282e-05,3.617282e-05,0.7947437,0.20511161,3.617282e-05,0.0042898334,0.1278857,0.06682867,0.0042898334,0.7439294,0.0042898334,0.0042898334,0.0042898334,0.0042898334,0.035617094
243731,0.3507196,0.009946012,0.083717205,0.009946012,0.027402636,0.44490725,0.009946012,0.053469248,0.009946012,4.248293e-05,4.248293e-05,4.248293e-05,0.82189846,0.17793152,4.248293e-05,0.0021636111,0.143104,0.07070656,0.0021636111,0.74801654,0.0021636111,0.0021636111,0.0021636111,0.0021636111,0.025191223
243732,0.23647341,0.011318716,0.13232428,0.011318716,0.13465297,0.2966986,0.011318716,0.15457577,0.011318716,2.6418875e-06,2.6418875e-06,2.6418875e-06,0.8166372,0.18335223,2.6418875e-06,0.002568641,0.14289893,0.07409195,0.002568641,0.7339382,0.002568641,0.002568641,0.002568641,0.002568641,0.033659205
243733,0.29430124,0.011366614,0.13230951,0.011366614,0.047878888,0.39626986,0.011366614,0.08377388,0.011366614,0.00030221985,0.00030221985,0.00030221985,0.8157552,0.18303598,0.00030221985,0.0017110428,0.13982977,0.07040577,0.0017110428,0.755696,0.0017110428,0.0017110428,0.0017110428,0.0017110428,0.023802312
243734,0.2393522,0.011361655,0.124436826,0.011361655,0.111624375,0.32837558,0.011361655,0.15076442,0.011361655,2.421533e-06,2.421533e-06,2.421533e-06,0.81116635,0.18882398,2.421533e-06,0.0016148349,0.13876165,0.070551895,0.0016148349,0.7569258,0.0016148349,0.0016148349,0.0016148349,0.0016148349,0.024071673
243736,0.33566204,0.010440155,0.09185258,0.010440155,0.028981386,0.44004533,0.010440155,0.061697863,0.010440155,0.00024035704,0.00024035704,0.00024035704,0.8100459,0.18899263,0.00024035704,0.0019973353,0.14251408,0.070320524,0.0019973353,0.75113755,0.0019973353,0.0019973353,0.0019973353,0.0019973353,0.024043793
243737,0.23261885,0.011723512,0.14494768,0.011723512,0.15067528,0.26555052,0.011723512,0.15931356,0.011723512,9.62208e-07,9.62208e-07,9.62208e-07,0.8214433,0.17855284,9.62208e-07,0.0014987389,0.13774526,0.07030299,0.0014987389,0.7596417,0.0014987389,0.0014987389,0.0014987389,0.0014987389,0.023317749
243738,0.382632,0.00931222,0.07938001,0.00931222,0.025358416,0.43693966,0.00931222,0.03844088,0.00931222,3.0993401e-06,3.0993401e-06,3.0993401e-06,0.8178054,0.18218215,3.0993401e-06,0.0013842899,0.13744354,0.06859026,0.0013842899,0.76575816,0.0013842899,0.0013842899,0.0013842899,0.0013842899,0.019902453
243739,0.22448605,0.012512619,0.08787588,0.012512619,0.14581075,0.22777037,0.012512619,0.26400656,0.012512619,5.053818e-05,5.053818e-05,5.053818e-05,0.8213694,0.17842852,5.053818e-05,0.0051020184,0.07447417,0.036160376,0.0051020184,0.78325605,0.0051020184,0.0051020184,0.0051020184,0.0051020184,0.075497404
243740,0.36426145,0.009678913,0.079178594,0.009678913,0.02477424,0.44657624,0.009678913,0.0464938,0.009678913,0.00020420797,0.00020420797,0.00020420797,0.8269616,0.17222174,0.00020420797,0.0013224232,0.13727683,0.067023315,0.0013224232,0.77054584,0.0013224232,0.0013224232,0.0013224232,0.0013224232,0.017219374
243741,0.3348385,0.010094908,0.12898852,0.010094908,0.053720683,0.38224143,0.010094908,0.0598311,0.010094908,5.850515e-05,5.850515e-05,5.850515e-05,0.82076144,0.17900452,5.850515e-05,0.0041316203,0.1319133,0.072631136,0.0041316203,0.727409,0.0041316203,0.0041316203,0.0041316203,0.0041316203,0.043256715
243742,0.3168587,0.010992024,0.12807997,0.010992024,0.041669488,0.40068418,0.010992024,0.06873944,0.010992024,0.0019960857,0.0019960857,0.0019960857,0.7984264,0.19358918,0.0019960857,0.002344502,0.14404358,0.071530186,0.002344502,0.7431729,0.002344502,0.002344502,0.002344502,0.002344502,0.027186176
243743,0.30642888,0.011084058,0.12314778,0.011084058,0.04354932,0.4049403,0.011084058,0.07759739,0.011084058,0.0032319727,0.0032319727,0.0032319727,0.7881396,0.19893242,0.0032319727,0.002315096,0.1440269,0.07188242,0.002315096,0.74249506,0.002315096,0.002315096,0.002315096,0.002315096,0.027704883
243744,0.3045024,0.011029498,0.1100094,0.011029498,0.040943712,0.41814274,0.011029498,0.082283735,0.011029498,0.0014690534,0.0014690534,0.0014690534,0.8161214,0.17800231,0.0014690534,0.0041213543,0.1322586,0.07235664,0.0041213543,0.72830504,0.0041213543,0.0041213543,0.0041213543,0.0041213543,0.042351462
243745,0.26899308,0.0110398615,0.06334911,0.0110398615,0.03499356,0.46328658,0.0110398615,0.12521814,0.0110398615,0.0015120966,0.0015120966,0.0015120966,0.78658664,0.207365,0.0015120966,0.0048356685,0.099185675,0.051406268,0.0048356685,0.7691109,0.0048356685,0.0048356685,0.0048356685,0.0048356685,0.05128315
243746,0.22244616,0.012831314,0.18839759,0.012831314,0.14385438,0.25788522,0.012831314,0.13609141,0.012831314,0.0022408748,0.0022408748,0.0022408748,0.7871063,0.2039302,0.0022408748,0.0023492528,0.14227146,0.07375886,0.0023492528,0.7378163,0.0023492528,0.0023492528,0.0023492528,0.0023492528,0.03205785
243747,0.38625845,0.009296548,0.082201235,0.009296548,0.026489204,0.4307831,0.009296548,0.037081834,0.009296548,0.0013800205,0.0013800205,0.0013800205,0.8192598,0.17522009,0.0013800205,0.0016994512,0.13948376,0.069003545,0.0016994512,0.76124763,0.0016994512,0.0016994512,0.0016994512,0.0016994512,0.020068422
243748,0.22360006,0.012590122,0.16569811,0.012590122,0.16653536,0.2326028,0.012590122,0.16120313,0.012590122,0.0036584046,0.0036584046,0.0036584046,0.7608325,0.22453389,0.0036584046,0.0012649968,0.13582817,0.06889654,0.0012649968,0.7671617,0.0012649968,0.0012649968,0.0012649968,0.0012649968,0.020523699
243751,0.21708015,0.01344532,0.19140048,0.01344532,0.1586049,0.23150948,0.01344532,0.14762367,0.01344532,8.212258e-06,8.212258e-06,8.212258e-06,0.8184023,0.18156485,8.212258e-06,0.0011673636,0.13541205,0.06776614,0.0011673636,0.77129674,0.0011673636,0.0011673636,0.0011673636,0.0011673636,0.018520996
243753,0.27042684,0.011728874,0.15655342,0.011728874,0.06771986,0.3655343,0.011728874,0.092850104,0.011728874,0.00030401206,0.00030401206,0.00030401206,0.8162462,0.18253778,0.00030401206,0.002133428,0.14269045,0.07072315,0.002133428,0.74859446,0.002133428,0.002133428,0.002133428,0.002133428,0.025191285
243754,0.20901196,0.014866942,0.26337668,0.014866942,0.11210129,0.260131,0.014866942,0.09591135,0.014866942,0.0035156575,0.0035156575,0.0035156575,0.7054935,0.28044376,0.0035156575,0.0011360232,0.13580403,0.066169724,0.0011360232,0.7749685,0.0011360232,0.0011360232,0.0011360232,0.0011360232,0.01624153
243756,0.2168874,0.012683852,0.058207672,0.012683852,0.08589222,0.2955216,0.012683852,0.2927558,0.012683852,0.0017233599,0.0017233599,0.0017233599,0.76986593,0.22324064,0.0017233599,0.0057162163,0.040506374,0.016007783,0.0057162163,0.8108808,0.0057162163,0.0057162163,0.0057162163,0.0057162163,0.09830765
243757,0.20557274,0.0151125835,0.24409643,0.0151125835,0.13598496,0.234016,0.0151125835,0.11987953,0.0151125835,0.0034091265,0.0034091265,0.0034091265,0.7899641,0.1963995,0.0034091265,0.0014295296,0.13760927,0.06941756,0.0014295296,0.7627416,0.0014295296,0.0014295296,0.0014295296,0.0014295296,0.021654354
243758,0.21248351,0.014023451,0.20136806,0.014023451,0.16173464,0.22096692,0.014023451,0.14735307,0.014023451,0.0036118887,0.0036118887,0.0036118887,0.7642126,0.22133985,0.0036118887,0.0012734056,0.13602743,0.06885993,0.0012734056,0.76701075,0.0012734056,0.0012734056,0.0012734056,0.0012734056,0.02046144
243759,0.27542633,0.010968292,0.08941519,0.010968292,0.055281155,0.41599292,0.010968292,0.12001116,0.010968292,7.1993286e-06,7.1993286e-06,7.1993286e-06,0.8163587,0.1836125,7.1993286e-06,0.0045710965,0.11487857,0.061042804,0.0045710965,0.75469834,0.0045710965,0.0045710965,0.0045710965,0.0045710965,0.04195351
243761,0.2779745,0.011592594,0.17095889,0.011592594,0.06865736,0.35586298,0.011592594,0.08017575,0.011592594,0.00023127437,0.00023127437,0.00023127437,0.8081224,0.19095248,0.00023127437,0.0015380876,0.13865568,0.06967133,0.0015380876,0.7603014,0.0015380876,0.0015380876,0.0015380876,0.0015380876,0.022143003
243762,0.34934533,0.0101578925,0.10751055,0.0101578925,0.03672559,0.41185465,0.0101578925,0.05393232,0.0101578925,0.0035280504,0.0035280504,0.0035280504,0.7069809,0.27890688,0.0035280504,0.0015231295,0.13944156,0.06772538,0.0015231295,0.7644558,0.0015231295,0.0015231295,0.0015231295,0.0015231295,0.019238435
243763,0.22403404,0.012621609,0.18496253,0.012621609,0.14683178,0.25732654,0.012621609,0.13635863,0.012621609,0.0032781542,0.0032781542,0.0032781542,0.7740064,0.212881,0.0032781542,0.0025427048,0.14406505,0.07349675,0.0025427048,0.73580945,0.0025427048,0.0025427048,0.0025427048,0.0025427048,0.031372588
243764,0.26568076,0.012245398,0.15049815,0.012245398,0.05705872,0.38098824,0.012245398,0.09679252,0.012245398,0.00151265,0.00151265,0.00151265,0.8005438,0.19340551,0.00151265,0.0034713885,0.14272065,0.076476306,0.0034713885,0.71863264,0.0034713885,0.0034713885,0.0034713885,0.0034713885,0.04134193
243765,0.22801319,0.01234579,0.19307674,0.01234579,0.12451511,0.28855258,0.01234579,0.11645921,0.01234579,1.099804e-05,1.099804e-05,1.099804e-05,0.77999884,0.21995717,1.099804e-05,0.0012557816,0.13628794,0.0680865,0.0012557816,0.76885396,0.0012557816,0.0012557816,0.0012557816,0.0012557816,0.019236963
243766,0.23746039,0.011382784,0.121812,0.011382784,0.12582174,0.30745926,0.011382784,0.16191545,0.011382784,0.0015937303,0.0015937303,0.0015937303,0.81257886,0.1810463,0.0015937303,0.0048303856,0.095323004,0.04965577,0.0048303856,0.76721597,0.0048303856,0.0048303856,0.0048303856,0.0048303856,0.058822848
243767,0.24848275,0.011267848,0.12658921,0.011267848,0.09837431,0.34503645,0.011267848,0.13644594,0.011267848,9.423246e-06,9.423246e-06,9.423246e-06,0.8194266,0.18053572,9.423246e-06,0.0030935672,0.14179733,0.0761343,0.0030935672,0.72244173,0.0030935672,0.0030935672,0.0030935672,0.0030935672,0.0410652
243768,0.3481421,0.009917143,0.08343127,0.009917143,0.028413992,0.44536725,0.009917143,0.05497674,0.009917143,9.952041e-06,9.952041e-06,9.952041e-06,0.82159656,0.17836352,9.952041e-06,0.0015924997,0.13945957,0.067200474,0.0015924997,0.76534855,0.0015924997,0.0015924997,0.0015924997,0.0015924997,0.018436247
243769,0.35172185,0.00973023,0.08658706,0.00973023,0.032077733,0.43709648,0.00973023,0.053595882,0.00973023,0.0003869323,0.0003869323,0.0003869323,0.826341,0.17211129,0.0003869323,0.0026324391,0.14279269,0.069599435,0.0026324391,0.7454318,0.0026324391,0.0026324391,0.0026324391,0.0026324391,0.026381379
243770,0.32392496,0.010074611,0.080292776,0.010074611,0.0331424,0.4524686,0.010074611,0.06987288,0.010074611,1.3229925e-05,1.3229925e-05,1.3229925e-05,0.8185195,0.18142761,1.3229925e-05,0.0043704016,0.11513762,0.06494711,0.0043704016,0.7352266,0.0043704016,0.0043704016,0.0043704016,0.0043704016,0.058466446
243771,0.31855157,0.010971577,0.15788087,0.010971577,0.053090893,0.36684543,0.010971577,0.05974489,0.010971577,0.0007940369,0.0007940369,0.0007940369,0.7622973,0.23452657,0.0007940369,0.0014953612,0.13888854,0.06832908,0.0014953612,0.76424986,0.0014953612,0.0014953612,0.0014953612,0.0014953612,0.019560555
243772,0.31934896,0.010747544,0.096352145,0.010747544,0.03264069,0.43613243,0.010747544,0.07253555,0.010747544,0.00019461129,0.00019461129,0.00019461129,0.8077419,0.1914797,0.00019461129,0.0017262427,0.1401394,0.07051133,0.0017262427,0.7551386,0.0017262427,0.0017262427,0.0017262427,0.0017262427,0.023853367
243773,0.21556818,0.013714271,0.21020477,0.013714271,0.14311318,0.24522664,0.013714271,0.13103008,0.013714271,0.0030786176,0.0030786176,0.0030786176,0.7806725,0.20701294,0.0030786176,0.0012134066,0.13565348,0.0682915,0.0012134066,0.76934475,0.0012134066,0.0012134066,0.0012134066,0.0012134066,0.019430008
243775,0.20864499,0.01468425,0.24003538,0.01468425,0.13196902,0.24362282,0.01468425,0.11699077,0.01468425,0.0002670738,0.0002670738,0.0002670738,0.7826172,0.21631444,0.0002670738,0.0012130975,0.13643074,0.067216285,0.0012130975,0.7713463,0.0012130975,0.0012130975,0.0012130975,0.0012130975,0.017728113
243777,0.2900855,0.011328129,0.11014718,0.011328129,0.043353274,0.41744724,0.011328129,0.093654364,0.011328129,1.9673073e-05,1.9673073e-05,1.9673073e-05,0.7945341,0.20538728,1.9673073e-05,0.0013981431,0.1375035,0.06868469,0.0013981431,0.7649457,0.0013981431,0.0013981431,0.0013981431,0.0013981431,0.02047743
243778,0.18456237,0.018086713,0.30759832,0.018086713,0.13207567,0.19873463,0.018086713,0.10468212,0.018086713,0.0018119572,0.0018119572,0.0018119572,0.82323843,0.16951384,0.0018119572,0.0011097756,0.13551204,0.06644252,0.0011097756,0.7749449,0.0011097756,0.0011097756,0.0011097756,0.0011097756,0.016441902
243779,0.26623103,0.011280836,0.10285487,0.011280836,0.06453492,0.39345655,0.011280836,0.12779924,0.011280836,2.4267288e-06,2.4267288e-06,2.4267288e-06,0.8228727,0.17711754,2.4267288e-06,0.002220332,0.14179362,0.07246512,0.002220332,0.7433813,0.002220332,0.002220332,0.002220332,0.002220332,0.029037986
243780,0.27328056,0.0112211155,0.11670399,0.0112211155,0.06544827,0.3865518,0.0112211155,0.113130964,0.0112211155,4.07002e-06,4.07002e-06,4.07002e-06,0.81810474,0.18187898,4.07002e-06,0.0024149327,0.14282034,0.073872454,0.0024149327,0.73649085,0.0024149327,0.0024149327,0.0024149327,0.0024149327,0.03232681
243781,0.22437873,0.012504621,0.16200323,0.012504621,0.16896886,0.23027487,0.012504621,0.16435574,0.012504621,0.003814545,0.003814545,0.003814545,0.7459349,0.23880698,0.003814545,0.0012587913,0.13587746,0.068750985,0.0012587913,0.7675712,0.0012587913,0.0012587913,0.0012587913,0.0012587913,0.02024759
243782,0.33027995,0.010074759,0.08796294,0.010074759,0.03507882,0.4401507,0.010074759,0.06622849,0.010074759,0.00014920934,0.00014920934,0.00014920934,0.81956553,0.17983766,0.00014920934,0.0036825684,0.13860229,0.070908725,0.0036825684,0.73501635,0.0036825684,0.0036825684,0.0036825684,0.0036825684,0.033377428
243783,0.2319412,0.011894124,0.13488717,0.011894124,0.15300004,0.2576371,0.011894124,0.17495793,0.011894124,1.5600186e-06,1.5600186e-06,1.5600186e-06,0.81896406,0.18102965,1.5600186e-06,0.004530338,0.110257424,0.060299523,0.004530338,0.74793047,0.004530338,0.004530338,0.004530338,0.004530338,0.054330602
243784,0.27094322,0.011568808,0.15468588,0.011568808,0.071817584,0.3621622,0.011568808,0.09411579,0.011568808,1.7717226e-05,1.7717226e-05,1.7717226e-05,0.8080812,0.1918479,1.7717226e-05,0.0035951303,0.1415845,0.07472417,0.0035951303,0.72394264,0.0035951303,0.0035951303,0.0035951303,0.0035951303,0.038177956
243786,0.23590496,0.013299784,0.2428622,0.013299784,0.13453075,0.26139513,0.013299784,0.07210787,0.013299784,0.002123708,0.002123708,0.002123708,0.58043146,0.41107365,0.002123708,0.001219489,0.13753963,0.065083556,0.001219489,0.77461135,0.001219489,0.001219489,0.001219489,0.001219489,0.015448731
243788,0.28507534,0.010820752,0.10006894,0.010820752,0.056937423,0.4080624,0.010820752,0.1065729,0.010820752,0.0024661603,0.0024661603,0.0024661603,0.8222801,0.16785522,0.0024661603,0.0043508434,0.124000564,0.06754612,0.0043508434,0.73975515,0.0043508434,0.0043508434,0.0043508434,0.0043508434,0.042593215
243789,0.29407725,0.010780788,0.087620445,0.010780788,0.04257229,0.43560755,0.010780788,0.09699936,0.010780788,0.0021860772,0.0021860772,0.0021860772,0.82581866,0.16543707,0.0021860772,0.003978606,0.1371946,0.074620746,0.003978606,0.7229815,0.003978606,0.003978606,0.003978606,0.003978606,0.04133151
243790,0.21572888,0.013744868,0.21988764,0.013744868,0.13791554,0.25033593,0.013744868,0.12115254,0.013744868,3.6883746e-05,3.6883746e-05,3.6883746e-05,0.7882338,0.2116186,3.6883746e-05,0.0011084939,0.13522811,0.06641447,0.0011084939,0.7752064,0.0011084939,0.0011084939,0.0011084939,0.0011084939,0.016500123
243791,0.33871058,0.010146326,0.081687786,0.010146326,0.027169762,0.4518396,0.010146326,0.06000691,0.010146326,0.0020811234,0.0020811234,0.0020811234,0.8206811,0.17099448,0.0020811234,0.002963134,0.14458361,0.07227376,0.002963134,0.7345167,0.002963134,0.002963134,0.002963134,0.002963134,0.030847032
243792,0.36206943,0.009853896,0.092036255,0.009853896,0.03002185,0.42823565,0.009853896,0.048221212,0.009853896,5.1056842e-05,5.1056842e-05,5.1056842e-05,0.8071317,0.19266403,5.1056842e-05,0.0014645961,0.13855481,0.0676672,0.0014645961,0.7665937,0.0014645961,0.0014645961,0.0014645961,0.0014645961,0.018396558
243793,0.27363452,0.011858614,0.13847178,0.011858614,0.0554102,0.38787752,0.011858614,0.09717146,0.011858614,0.0018589033,0.0018589033,0.0018589033,0.7860902,0.20647424,0.0018589033,0.004307986,0.12316808,0.068586156,0.004307986,0.734879,0.004307986,0.004307986,0.004307986,0.004307986,0.04751897
243794,0.3550718,0.009839617,0.10542007,0.009839617,0.040063977,0.40861687,0.009839617,0.0514688,0.009839617,0.0001249335,0.0001249335,0.0001249335,0.8025868,0.19691357,0.0001249335,0.002388932,0.14316654,0.069332674,0.002388932,0.7480776,0.002388932,0.002388932,0.002388932,0.002388932,0.025089778
243796,0.24178177,0.011657048,0.0835318,0.011657048,0.06877623,0.3856987,0.011657048,0.17358337,0.011657048,0.0029313883,0.0029313883,0.0029313883,0.7998429,0.18843153,0.0029313883,0.0044860793,0.11921843,0.06396924,0.0044860793,0.74846363,0.0044860793,0.0044860793,0.0044860793,0.0044860793,0.041432247
243799,0.2666682,0.011134045,0.06816655,0.011134045,0.039778624,0.4504058,0.011134045,0.13044475,0.011134045,0.00010842783,0.00010842783,0.00010842783,0.8240437,0.17552266,0.00010842783,0.004304955,0.12841435,0.06686638,0.004304955,0.7441098,0.004304955,0.004304955,0.004304955,0.004304955,0.0347798
243800,0.22147198,0.012872278,0.17990969,0.012872278,0.16593061,0.23068976,0.012872278,0.15050879,0.012872278,0.0002413458,0.0002413458,0.0002413458,0.7955159,0.20351867,0.0002413458,0.0014448499,0.13755599,0.06956938,0.0014448499,0.7622252,0.0014448499,0.0014448499,0.0014448499,0.0014448499,0.02198036
243801,0.29885498,0.010674896,0.07707524,0.010674896,0.033867773,0.4566044,0.010674896,0.090898074,0.010674896,0.0018943637,0.0018943637,0.0018943637,0.82785547,0.1645672,0.0018943637,0.0034619563,0.14022131,0.0693101,0.0034619563,0.7400277,0.0034619563,0.0034619563,0.0034619563,0.0034619563,0.029669164
243802,0.3220209,0.010260228,0.11647966,0.010260228,0.050231703,0.4000557,0.010260228,0.0701712,0.010260228,0.0014770171,0.0014770171,0.0014770171,0.81329125,0.1808006,0.0014770171,0.0019115971,0.14143991,0.06824448,0.0019115971,0.7583072,0.0019115971,0.0019115971,0.0019115971,0.0019115971,0.020538732
243803,0.31976962,0.010359966,0.11201547,0.010359966,0.047149908,0.4072239,0.010359966,0.07240133,0.010359966,7.363262e-05,7.363262e-05,7.363262e-05,0.8238241,0.17588134,7.363262e-05,0.0021227712,0.14248806,0.070024535,0.0021227712,0.7508597,0.0021227712,0.0021227712,0.0021227712,0.0021227712,0.023890972
243806,0.2140729,0.013787649,0.19358392,0.013787649,0.17066957,0.21427403,0.013787649,0.15224898,0.013787649,5.023e-06,5.023e-06,5.023e-06,0.7870652,0.21291463,5.023e-06,0.0010562452,0.13507599,0.06571104,0.0010562452,0.77738833,0.0010562452,0.0010562452,0.0010562452,0.0010562452,0.0154870115
801360,0.29070508,0.011047003,0.10098842,0.011047003,0.045610182,0.42089418,0.011047003,0.097614124,0.011047003,0.00041103066,0.00041103066,0.00041103066,0.7595194,0.2388364,0.00041103066,0.0039013273,0.13859653,0.07681443,0.0039013273,0.7165235,0.0039013273,0.0039013273,0.0039013273,0.0039013273,0.044657633
801361,0.21321897,0.015509229,0.2724839,0.015509229,0.17847121,0.2002273,0.015509229,0.07356181,0.015509229,0.0025531072,0.0025531072,0.0025531072,0.6432032,0.3465844,0.0025531072,0.0013647245,0.13863163,0.06494251,0.0013647245,0.7718585,0.0013647245,0.0013647245,0.0013647245,0.0013647245,0.016378902
