,"district_code,subdistrict_code,village_code,village_name,num_households,centre_lat,centre_long,ne_lat,ne_long,sw_lat,sw_long",Unnamed: 1,Unnamed: 2,Unnamed: 3,Unnamed: 4,centre_lat,centre_long,ne_lat,ne_long,sw_lat,sw_long
0,208,1101,220920,Kunali,2760,26.4449926,86.76928869999999,26.459403,86.7931187,26.4353784,86.74798249999999
1,208,1101,220921,Kamalpur,2518,25.0348501,84.8111658,25.0389194,84.8197862,25.0295599,84.80569469999999
2,208,1101,220922,Harpur,224,25.4408945,84.05209339999999,25.4428483,84.0536928,25.4375777,84.0492297
3,208,1101,220923,Bathnaha,372,26.6400936,85.57632989999999,0.0,0.0,0.0,0.0
4,208,1101,220925,Dharhara,114,25.2564134,86.40227709999999,25.2614733,86.40828080000001,25.2493715,86.3983253
5,208,1101,220926,Banania,170,26.4166395,86.81952369999999,26.4277401,86.82763670000001,26.4091492,86.80256639999999
6,208,1101,220927,Repauli,127,26.4049596,86.8245443,26.4296094,86.836563,26.3929805,86.8150635
7,208,1101,220928,Dagmara,2868,26.4110807,86.7336546,26.4140145,86.7384943,26.4088134,86.73094979999999
8,208,1101,220929,Sikrahata,700,26.3762302,86.72654829999999,26.3910597,86.75668329999999,26.3537102,86.7033615
9,208,1101,220930,Dudhaila,329,25.3390598,86.8471308,25.3617572,86.86087789999999,25.3242663,86.825447
10,208,1101,220931,Dighia,785,26.3396983,86.6762176,26.3692493,86.7026976,26.3214398,86.6605302
11,208,1101,220932,Bela,1647,24.9694491,84.97351100000002,24.9747597,84.98207450000001,24.9616545,84.96470099999999
12,208,1101,220934,Raharia,120,26.301076,86.6636269,26.3089007,86.6736068,26.2930508,86.6551284
13,208,1101,220936,Majhari,1037,26.3119314,86.6233149,26.3235853,86.63266899999999,26.3010521,86.61050329999999
14,208,1101,220938,Lagunia,206,25.6140774,85.6319245,25.6160525,85.6365277,25.608715,85.62959289999999
15,208,1101,220939,Mahua,473,25.8147343,85.3969353,0.0,0.0,0.0,0.0
16,208,1101,220940,Hanriahi,682,26.3292665,86.6081894,26.3421912,86.6160393,26.3202099,86.5964055
17,208,1101,220941,Jarauli,725,24.6532356,85.50457109999999,24.6754932,85.5310593,24.6243876,85.4818726
18,208,1101,801302,Nirmali (NP),3841,26.1630329,86.5627851,26.1721192,86.5748826,26.1516608,86.5504991
19,208,1102,220942,Bhimnagar,1610,26.5124933,86.9586539,26.5163177,86.96807380000001,26.5033373,86.950693
20,208,1102,220943,Lalpur,759,26.228135,86.82956449999999,26.2374191,86.8406677,26.2170295,86.81326299999999
21,208,1102,220945,Fatehpur,341,26.4003205,84.25816950000001,26.4081681,84.2638063,26.392408,84.2552663
22,208,1102,220946,Basantpur,1137,26.1728331,84.664203,26.1789646,84.67148069999999,26.1681671,84.65576949999999
23,208,1102,220948,Barantpur,364,26.1728331,84.664203,26.1789646,84.67148069999999,26.1681671,84.65576949999999
24,208,1102,220949,Baijnathpur,271,25.8895549,86.6459335,0.0,0.0,0.0,0.0
25,208,1102,220950,Raghunathpur,132,25.5613615,84.3094955,25.5687696,84.3153303,25.5550624,84.29893779999999
26,208,1102,220951,Raniganj,195,26.0829771,87.23446419999999,26.0893175,87.24333290000001,26.0762507,87.22990039999999
27,208,1102,220952,Shibnagar,369,26.4199021,85.7999758,26.4274329,85.80816639999999,26.4111786,85.78204339999999
28,208,1102,220956,Panchpanduria,106,26.4629852,86.9173327,26.4730702,86.9383162,26.4486807,86.89582039999999
29,208,1102,220959,Piprahipatti Golari,478,26.4478705,86.89979180000002,26.46241,86.91208639999999,26.4318408,86.8863599
30,208,1102,220967,Narpat patti,394,26.4054019,86.8446218,26.4122505,86.8557967,26.3895206,86.8275831
31,208,1102,220968,Bahtunia urf Satan Patti,743,26.3878241,86.84963979999999,26.40279,86.8597487,26.3785494,86.8371811
32,208,1102,220969,Piprahigot,1005,26.4117369,86.8646909,26.4321993,86.8802566,26.3871096,86.8499066
33,208,1102,220970,Baijnathpur,224,25.8895549,86.6459335,0.0,0.0,0.0,0.0
34,208,1102,220971,Buchunoa,135,26.4377973,86.9110688,26.4443206,86.91782359999999,26.4303302,86.9051207
35,208,1102,220972,Dhena,181,25.4882219,87.7701045,0.0,0.0,0.0,0.0
36,208,1102,220973,Ratanpur,858,26.2907549,85.7363439,0.0,0.0,0.0,0.0
37,208,1102,220974,Bahorwa,519,27.1062614,84.3988806,27.1236857,84.41419959999999,27.094553,84.3925934
38,208,1102,220975,Bhagwanpur,510,25.8586153,85.299719,25.8702218,85.3115772,25.8458828,85.28169059999999
39,208,1102,220976,Saheban,510,26.466201,86.929858,26.4698904,86.93740079999999,26.4583091,86.92346189999999
40,208,1102,220977,Samda,491,24.6243783,84.8346359,24.6315842,84.84359719999999,24.6202526,84.8272322
41,208,1102,220978,Kataia,1246,26.563057,84.079641,0.0,0.0,0.0,0.0
42,208,1102,220979,Bhawanipur,589,26.4646838,86.9974385,26.4763393,87.0087736,26.4516104,86.9849014
43,208,1102,220980,Hirde Nagar,1121,26.4737871,87.00994299999999,26.4839592,87.02066049999999,26.4600791,87.0005035
44,208,1102,220981,Hanuman Nagar,205,25.5875912,85.16278319999999,25.5913629,85.16781999999999,25.5844609,85.157012
45,208,1102,220982,Mohanpur,496,25.7195518,86.015984,25.7230034,86.01881379999999,25.7160339,86.01370229999999
46,208,1102,220983,Hedolwa,231,26.4623093,87.02494399999999,26.4708804,87.03880310000001,26.455759,87.015213
47,208,1102,220984,Balbhadarpur,866,26.4511587,87.0495736,26.4651297,87.05339819999999,26.4449291,87.0305633
48,208,1102,220985,Barhampur,160,25.5933018,84.29633919999999,25.6106872,84.31678,25.579237,84.27603909999999
49,208,1102,220986,Kusahar,1104,26.3622479,84.7078238,0.0,0.0,0.0,0.0
50,208,1102,220987,Kusahar Arazi,538,26.4270401,87.0299433,26.4388809,87.0382231,26.4159297,87.01495340000001
51,208,1102,220988,Sitapur,910,26.4502073,87.00994299999999,26.4626408,87.0326082,26.4341393,86.9851915
52,208,1102,220989,Bishunpur Chaudhary,726,26.4293121,86.9974385,26.4438096,87.0205687,26.4198207,86.9834137
53,208,1102,220991,Surea urf Siripur,173,26.4377883,86.9799267,26.4487895,86.9888534,26.4285297,86.97229019999999
54,208,1102,220992,Kamatpur,777,25.1057471,86.8070879,25.1113184,86.8152391,25.0975266,86.802971
55,208,1102,220993,Derbandhe,723,26.419573,86.95489889999999,26.4280605,86.9681624,26.4150999,86.9414216
56,208,1102,220997,Shibnagar,357,26.4199021,85.7999758,26.4274329,85.80816639999999,26.4111786,85.78204339999999
57,208,1102,220998,Rampur,458,27.0592413,84.5458072,27.0733795,84.5552213,27.0524405,84.5282364
58,208,1102,220999,Parwaha,430,26.2333647,87.2269973,26.249483,87.2490464,26.210947,87.2082518
59,208,1102,221000,Nirmali,1057,26.1630329,86.5627851,26.1721192,86.5748826,26.1516608,86.5504991
60,208,1102,221001,Bishunpur Shiwaram,699,26.414729,87.0049416,26.4251593,87.0217131,26.4093303,86.9887238
61,208,1102,221002,Nathpatti,414,26.406764,87.0474368,26.4265402,87.0550347,26.3909339,87.0320363
62,208,1102,221003,Bishunpur Ghansham,250,26.3976619,87.0349421,26.4064197,87.0498427,26.3899402,87.0207975
63,208,1102,221005,Bauraha,630,26.4914005,86.4275882,26.5055464,86.4355011,26.485298,86.41448199999999
64,208,1102,221006,Banaili Patti,1016,26.5452387,87.0449381,26.5624007,87.0670165,26.52359,87.02931939999999
65,208,1102,221007,Munshi piprahi,114,26.5390355,87.0299433,26.5501098,87.0380935,26.5347994,87.0227432
66,208,1102,221008,Gidarmari,222,26.5333493,87.03994039999999,26.5383298,87.05303200000002,26.5245895,87.0339584
67,208,1102,221010,Jagir Arazi Kaskapur,206,26.5145812,87.0586792,26.5212192,87.0632478,26.5093518,87.05336
68,208,1102,221011,Koskapur,113,26.279016,87.14727649999999,26.3117674,87.1573409,26.25667,87.1235351
69,208,1102,221012,Ranipatti,258,26.4465698,85.9074526,26.4565117,85.92737679999999,26.4364833,85.8969551
70,208,1102,221013,Piprahinag,167,26.5053288,87.03869089999999,26.5086994,87.042427,26.4998206,87.0338134
71,208,1102,221014,Jhirwa,334,24.8397857,86.9098159,24.849777,86.9205932,24.8242721,86.8951111
72,208,1102,221015,Parmanandpur,706,25.7254536,85.1201474,25.7608222,85.1443863,25.7229663,85.11271479999999
73,208,1102,221016,Puraini,183,25.5961766,86.9918988,0.0,0.0,0.0,0.0
74,208,1102,221017,Ghauspurpatti,658,26.504599,87.0749136,26.515204,87.0836269,26.4920468,87.0666504
75,208,1102,221018,Shankarpur,538,26.0311984,86.86853239999999,26.0353582,86.87096079999999,26.0275473,86.86406389999999
76,208,1102,221019,Bhagwanpur,752,25.8586153,85.299719,25.8702218,85.3115772,25.8458828,85.28169059999999
77,208,1102,221020,Kochgawan,947,25.0390837,85.63577889999999,25.0547427,85.6543427,25.026493,85.6205521
78,208,1102,221021,Sobhankarpur,211,26.4619727,87.0443134,26.4640293,87.0475233,26.4595602,87.0407333
79,208,1102,221023,Bairia Arazi,201,26.4584809,87.0536829,26.4642201,87.0593566,26.4521408,87.04627239999999
80,208,1102,221024,Bairia Chawdhari,181,26.4616333,87.06367499999999,26.4664992,87.07096109999999,26.4563407,87.05832649999999
81,208,1102,221026,Padampur,122,26.351085,87.9089623,26.3792247,87.9478682,26.3356475,87.87731920000002
82,208,1102,221027,Bairia Kamal,397,26.4467414,87.05618109999999,26.4530791,87.0643997,26.43898,87.0496368
83,208,1102,221028,Koyali,393,26.4432076,87.0646165,26.4518603,87.07310489999999,26.4420394,87.0632628
84,208,1102,221029,Lalpurgot,573,26.4409993,87.06367499999999,26.4470805,87.074997,26.4321001,87.054283
85,208,1102,221032,Parsa,770,25.8141503,84.9054534,0.0,0.0,0.0,0.0
86,208,1102,221033,Parsa Kalan,105,26.7558819,85.5727878,26.7653504,85.5782164,26.7485236,85.5640485
87,208,1102,221034,Nathbari,362,26.3995726,87.05618109999999,26.4071599,87.06472769999999,26.3941403,87.0465164
88,208,1102,221035,Tulsipatti,152,26.3908807,87.06367499999999,26.395691,87.0767899,26.384899,87.0494767
89,208,1102,801303,Birpur (NP),4157,26.515046,87.00994299999999,26.5249468,87.0245827,26.5054387,86.9979001
90,208,1103,221036,Gurdharia,412,26.3952262,86.9886834,26.4041406,86.9972306,26.3853799,86.9789198
91,208,1103,221038,Balua,1068,27.1544172,84.4303959,27.1657198,84.43430300000001,27.148878,84.42287449999999
92,208,1103,221039,Bishunpur Ghulami,507,26.3913514,87.0149438,26.3982294,87.0301436,26.3828906,87.0020524
93,208,1103,221040,Bhawanipur Tharha,208,26.3851423,86.99993959999999,26.3954907,87.0070265,26.3780307,86.9876099
94,208,1103,221041,Matiari,752,26.313639,87.2593454,26.3245506,87.2738722,26.303789,87.24462869999999
95,208,1103,221042,Barhmotar,361,26.1598839,86.2863163,26.1625423,86.2902223,26.1578196,86.2805022
96,208,1103,221043,Mahadeopatti,408,26.7093052,85.63577889999999,26.7169247,85.6481707,26.6970576,85.617134
97,208,1103,221044,Tengri,298,26.3679704,87.02494399999999,26.3766898,87.0385816,26.3578891,86.9874723
98,208,1103,221045,Chapain,815,26.3626899,87.054932,26.3765106,87.0682219,26.3578892,87.03788759999999
99,208,1103,221046,Chainpur,936,25.0328082,83.5046184,25.0447036,83.5154057,25.0240733,83.4984971
100,208,1103,221047,Bhimpur,1242,26.3479966,87.0574302,26.3599089,87.0777817,26.3314189,87.0249481
101,208,1103,221048,Bhimpur,755,26.3479966,87.0574302,26.3599089,87.0777817,26.3314189,87.0249481
102,208,1103,221049,Keola,676,26.350381,87.0299433,26.35865,87.0465013,26.3341502,87.01754
103,208,1103,221050,Jiwachhpur,2282,26.2154472,86.7893889,26.2255096,86.80055999999999,26.2076301,86.7830961
104,208,1103,221051,Belaganj,690,24.9694491,84.97351100000002,24.9747597,84.98207450000001,24.9616545,84.96470099999999
105,208,1103,221052,Gobindpur Kalan,573,26.3030908,87.02494399999999,26.3104802,87.0436094,26.2946794,86.9983214
106,208,1103,221054,Madhubani,1755,26.3482938,86.0711661,26.3763187,86.097858,26.3157381,86.0493466
107,208,1103,221055,Dodra,706,26.3406529,87.00648310000001,26.3462389,87.0206987,26.3312797,86.9884261
108,208,1103,221056,Kalikapur,331,26.496593,86.0905472,26.5014747,86.0980082,26.4907974,86.0863567
109,208,1103,221057,Lachhminia,1846,25.4106633,86.328169,25.4151948,86.33256519999999,25.4080817,86.3213825
110,208,1103,221058,Bharatpur,110,26.2652579,86.9786757,26.2694606,86.9840316,26.2590903,86.9718015
111,208,1103,221059,Lalganj,1888,25.8639603,85.1764491,25.8746882,85.184766,25.856438,85.1637803
112,208,1103,221060,Pariahi,1196,26.5702747,85.15571410000001,26.5880813,85.1780393,26.5576801,85.1289367
113,208,1103,221061,Udhampur,752,26.2966735,86.99993959999999,26.3068999,87.0175932,26.2886028,86.9904176
114,208,1103,221062,Bhagwatpur,669,25.766713,85.7083629,25.7740172,85.715164,25.7449798,85.6797713
115,208,1103,221063,Madhopur,1291,26.3431608,84.4500844,26.3473928,84.4555306,26.3366146,84.4449198
116,208,1103,221064,Mahaddipur,345,25.4009752,86.7420623,25.4038564,86.75732570000001,25.3800131,86.7076206
117,208,1103,221065,Hariharpur,1560,26.2550842,85.831346,26.2573316,85.83433629999999,26.252066,85.8279848
118,208,1103,221066,Rampur,1162,27.0592413,84.5458072,27.0733795,84.5552213,27.0524405,84.5282364
119,208,1103,221067,Lalpur,937,26.228135,86.82956449999999,26.2374191,86.8406677,26.2170295,86.81326299999999
120,208,1103,221068,Katahra,1530,26.2300086,87.0574302,26.2498397,87.0820693,26.2077198,87.0369871
121,208,1103,221069,Dhakhargaru,1401,26.2148987,87.03994039999999,26.2241496,87.0435487,26.2042102,87.0301819
122,208,1103,221070,Bhatabari,675,26.3021178,87.79108910000001,26.3238792,87.8098143,26.2894706,87.77600849999999
123,208,1103,221071,Chhatapur,2379,26.2220858,87.0050561,26.2342701,87.01136029999999,26.2175406,86.9928518
124,208,1103,221072,Rajwara,242,26.2556822,84.95184069999999,26.2656994,84.9669799,26.2484226,84.9343337
125,208,1103,221073,Narahia,648,26.3622248,86.5323325,0.0,0.0,0.0,0.0
126,208,1103,221074,Lachhmipur,477,26.6158818,84.8620054,26.6408614,84.8937224,26.6063994,84.85387399999999
127,208,1103,221075,Karliana,431,26.2105905,87.0062293,26.2177599,87.01905819999999,26.1995104,86.992012
128,208,1103,221076,Khuti,402,26.2018543,86.9799267,26.2075806,86.994293,26.1937008,86.96536259999999
129,208,1103,221077,Darharia,2276,26.3154627,84.45664579999999,26.3237679,84.46141,26.309583,84.44910399999999
130,208,1103,221078,Ghiwaha,1804,25.8963292,86.0555095,25.9097575,86.06607799999999,25.8841629,86.04283900000001
131,208,1103,221079,Bairia,736,27.1205069,84.4999323,27.1285094,84.505928,27.1135748,84.49634540000001
132,208,1103,221080,Raisri,3512,26.1353739,87.0474368,26.1542892,87.06535339999999,26.0970705,87.0159989
133,208,1103,221082,Mahammadganj,1743,26.1617829,87.03994039999999,26.178915,87.06893889999999,26.1475316,87.0242691
134,208,1103,221083,Kishunganj,700,25.6843055,86.94738799999999,25.6911465,86.95530269999999,25.6629679,86.9294733
135,208,1103,221085,Chuni,1648,25.49943,83.9234756,25.5013514,83.92677069999999,25.4963739,83.92099859999999
136,208,1103,221086,Thuthi,826,25.5831155,86.64599439999999,25.5981827,86.6636734,25.5620879,86.6326064
137,208,1103,221087,Partapnagar,496,25.7857935,87.4628736,25.7971306,87.48014429999999,25.7796316,87.4443877
138,208,1103,221088,Indarpur,467,26.2837483,88.05220130000001,26.2926806,88.0608519,26.2778721,88.04358669999999
139,208,1103,221089,Ramnagar,133,27.1659296,84.32697110000001,0.0,0.0,0.0,0.0
140,208,1103,221090,Mohanpur,579,25.7195518,86.015984,25.7230034,86.01881379999999,25.7160339,86.01370229999999
141,208,1103,221091,Sahata,1651,26.2068097,87.0774107,26.2192992,87.1012342,26.1951294,87.05535110000001
142,208,1103,221092,Patti Niyamat urf Girdharpatti,208,26.1922069,87.08490119999999,26.1976795,87.0995329,26.1855202,87.07235709999999
143,208,1103,221093,Shahpur,369,25.5859834,84.4486628,25.5900137,84.4531911,25.5816881,84.4416972
144,208,1103,221094,Patti Ratan Sar,335,26.1857992,87.0599282,26.2076092,87.0740967,26.1756191,87.0508803
145,208,1103,221095,Kathi,693,25.3535918,87.0867737,25.3574562,87.0902558,25.3511353,87.08216089999999
146,208,1103,221096,Goalpara,1095,26.1479895,87.0873978,26.1868991,87.1070632,26.1306189,87.06535339999999
147,208,1103,221097,Ratan sar,1103,26.1718007,87.09738279999999,26.1845395,87.11768339999999,26.1570282,87.0883027
148,208,1103,221098,Bhawanipur,374,26.4646838,86.9974385,26.4763393,87.0087736,26.4516104,86.9849014
149,208,1103,221101,Charne,1771,26.1211735,87.0749136,26.1325474,87.09622949999999,26.1064586,87.05342089999999
150,208,1104,221102,Garhia,305,26.2969065,86.7391229,26.3089295,86.7575988,26.2891405,86.7172928
151,208,1104,221103,Gobindpur,2248,24.782413,85.6929207,24.7843188,85.6985521,24.7802083,85.68664299999999
152,208,1104,221104,Siripur,1600,26.7280987,84.71588229999999,26.7421836,84.73447399999999,26.7146797,84.7043686
153,208,1104,221106,Chitauni,5103,26.2860821,86.9173327,26.3273804,86.93088829999999,26.2449251,86.89646049999999
154,208,1104,221107,Jainagara,194,26.2527733,86.9461361,26.2569409,86.95468149999999,26.2475298,86.9344711
155,208,1104,221108,Shukha Nagar,1968,26.2647828,86.944294,26.2675093,86.9492659,26.2582315,86.94144109999999
156,208,1104,221109,Bhawanipur,5347,26.4646838,86.9974385,26.4763393,87.0087736,26.4516104,86.9849014
157,208,1104,221111,Tekuna,2182,26.2785581,86.9799267,26.3068503,86.9974134,26.2600001,86.9425581
158,208,1104,221112,Surjapur,1262,26.2649426,86.9636601,26.2717027,86.9685306,26.2594517,86.9589353
159,208,1104,221113,Parsabirbal,949,26.2517471,86.96741449999999,26.2610396,86.9827268,26.2352007,86.947853
160,208,1104,221114,Situhar,510,26.3570734,86.9273532,26.3752404,86.9486922,26.3407992,86.92038699999999
161,208,1105,221115,Undraha,757,25.0960742,85.31311939999999,27.5213199,88.289752,24.286278,83.31486509999999
162,208,1105,221117,Kohbarwa,134,26.6390818,85.14663999999999,26.6476022,85.1545486,26.6308764,85.1401214
163,208,1105,221118,Jagdispur,434,25.468313,84.42251859999999,25.4799928,84.43199159999999,25.4547449,84.4087914
164,208,1105,221119,Mansapur,453,26.4282493,86.5478797,26.4301716,86.55301659999999,26.3751753,86.50411989999999
165,208,1105,221120,Karjain,1415,26.4036006,86.8972854,26.4123305,86.9073793,26.3757191,86.8804624
166,208,1105,221121,Basawanpatti,623,26.4180689,86.8847516,26.4274997,86.8979109,26.4028607,86.8750228
167,208,1105,221123,Dhurgawan,389,26.4243979,86.9048041,26.4314098,86.9135134,26.4102096,86.8961487
168,208,1105,221124,Baisi,1850,25.8672676,87.7443457,25.8739073,87.75505539999999,25.8554968,87.7379107
169,208,1105,221125,Gospur,965,26.3775521,86.919838,26.3859494,86.92625509999999,26.3680726,86.9137001
170,208,1105,221126,Hari Chakla,439,26.3786765,86.9035511,26.3839091,86.9127883,26.3743705,86.89936809999999
171,208,1105,221127,Padum Nagar,623,26.3785144,86.8960322,26.3898296,86.901039,26.3709391,86.89322659999999
172,208,1105,221128,Shankarpur Doulat,174,26.3732601,86.89164559999999,26.3764801,86.89523319999999,26.371189,86.8854063
173,208,1105,221129,Bauraha,1375,26.4914005,86.4275882,26.5055464,86.4355011,26.485298,86.41448199999999
174,208,1105,221130,Parmanandpur,705,25.7254536,85.1201474,25.7608222,85.1443863,25.7229663,85.11271479999999
175,208,1105,221131,Bishunpur Daulat,2192,26.3446336,86.8972854,26.3653696,86.9224928,26.3042199,86.8828582
176,208,1105,221132,Harpur,579,25.4408945,84.05209339999999,25.4428483,84.0536928,25.4375777,84.0492297
177,208,1105,221133,Fakirna,530,26.3575501,86.8809909,26.3664301,86.8921434,26.3495101,86.87064339999999
178,208,1105,221134,Hariraha,2171,26.3673512,86.8571659,26.3901291,86.8897932,26.3563194,86.8439866
179,208,1105,221135,Motipur,973,26.2525481,85.1608985,26.2643741,85.17988009999999,26.2466124,85.1456824
180,208,1105,221136,Berdah,462,26.3347525,86.84963979999999,26.3411914,86.86297420000001,26.3230372,86.83413499999999
181,208,1105,221137,Sitaram Chakla,207,26.3398716,86.8477581,26.34177,86.85723139999999,26.3362408,86.84203339999999
182,208,1105,221138,Norha,569,26.3348622,86.8546573,26.3417396,86.8673934,26.3247794,86.83071919999999
183,208,1105,221139,Parsarman,382,26.3230669,86.8546573,26.3316095,86.8656237,26.3156794,86.8410031
184,208,1105,221140,Imamganj,295,24.4552009,84.5815836,0.0,0.0,0.0,0.0
185,208,1105,221141,Phenglas,913,26.3236125,86.8797372,26.3367692,86.89006049999999,26.3071001,86.8574675
186,208,1105,221142,Gausabad,213,26.3044708,86.8809909,26.3085099,86.8872679,26.2958601,86.8734434
187,208,1105,221143,Ram Bishunpur,1137,26.2998023,86.8697068,26.3165493,86.89475250000001,26.2908801,86.8575285
188,208,1105,221144,Simrahi,2233,26.3111614,86.84963979999999,26.3259697,86.86303699999999,26.3058394,86.83194739999999
189,208,1105,221145,Durgapur,696,25.5173687,87.50495719999999,25.527605,87.5359421,25.5073393,87.4951401
190,208,1105,221146,Piprahi,927,26.5641963,85.3265449,26.5702686,85.3423462,26.5515462,85.3103409
191,208,1105,221147,Dharmpatti,724,26.3122231,86.8308194,26.3199692,86.83991979999999,26.3079795,86.82021309999999
192,208,1105,221148,Rampur,459,27.0592413,84.5458072,27.0733795,84.5552213,27.0524405,84.5282364
193,208,1105,221149,Gamharia,495,24.5976313,84.7459203,24.6041585,84.75486769999999,24.5913639,84.7382126
194,208,1105,221150,Sait,429,26.2928051,86.81952369999999,26.2973804,86.8426588,26.2830505,86.80798329999999
195,208,1105,221151,Manik Chand Chakla,186,26.2885749,86.8283095,26.29039,86.83867649999999,26.2826099,86.8230363
196,208,1105,221152,Raghopur,1819,25.5338122,85.3835124,25.5425758,85.40174069999999,25.5260985,85.3663711
197,208,1105,221153,Radhe Nagar,413,26.2640818,86.8546573,26.2750206,86.8673476,26.2574196,86.8444365
198,208,1105,221154,Dharahara,2665,25.2564134,86.40227709999999,25.2614733,86.40828080000001,25.2493715,86.3983253
199,208,1105,221155,Debipur,1975,25.258166,87.32521690000002,25.266655,87.33074909999999,25.2509918,87.31651310000001
200,208,1105,221156,Satkodaria,422,25.7171441,87.4257093,25.7373942,87.4396515,25.7038325,87.4035337
201,208,1105,221157,Sarhochia,276,26.2332586,86.7944127,26.2416096,86.8099136,26.2250709,86.7804336
202,208,1105,221158,Achalpur,437,26.1299942,86.13065189999999,26.1325378,86.1391144,26.1247768,86.1249998
203,208,1105,221159,Dumri,643,25.6228212,84.1843932,25.6295709,84.1932965,25.6190845,84.1773319
204,208,1105,221160,Champa Nagar,534,26.2332454,86.8609285,26.2389202,86.8695372,26.2281491,86.8543474
205,208,1105,221161,Bengaipatti,179,26.2404837,86.8546573,26.2450198,86.8678283,26.235609,86.8494261
206,208,1105,221162,Laukaha,219,26.5498118,86.4667951,26.5607102,86.47896779999999,26.5391388,86.45905499999999
207,208,1105,221164,Thalha,387,26.2348093,86.8991652,26.2373695,86.90367119999999,26.2312793,86.8964996
208,208,1105,221165,Koriapatti,192,26.1012624,86.9983795,26.1284021,87.0133719,26.0782824,86.9840758
209,208,1105,221166,Satanpatti,200,26.2431771,86.9110688,26.2450903,86.9167021,26.2361793,86.8964996
210,208,1105,221167,Barmotara,204,25.1052701,86.10137209999999,25.1129437,86.1133576,25.0935306,86.0932234
211,208,1105,221168,Hulas,1905,26.2526103,86.8697068,26.2684191,86.896469,26.2360304,86.8370971
212,208,1105,221169,Fulkahi,243,26.2905313,85.9905672,26.2973393,85.99582679999999,26.2845654,85.9835315
213,208,1105,221170,Dipnagar,254,26.1964465,87.6408469,26.2040539,87.6499099,26.1871546,87.6282425
214,208,1105,221171,Haripur,809,25.6924354,85.20832399999999,25.701838,85.24456769999999,25.6738175,85.1956908
215,208,1105,221172,Husainabad,447,25.1090458,85.85758009999999,25.1153289,85.8641624,25.1021358,85.85278989999999
216,208,1106,221173,Laukaha,219,26.5498118,86.4667951,26.5607102,86.47896779999999,26.5391388,86.45905499999999
217,208,1106,221176,Siani,232,26.3498683,86.73409339999999,26.360609,86.7495423,26.3431797,86.72109979999999
218,208,1106,221179,Baisa,106,25.9230184,87.5371129,25.932186,87.56044759999999,25.9109153,87.5163268
219,208,1106,221180,Nonpara,593,26.354229,86.7969244,26.3660602,86.80953989999999,26.3454894,86.78804009999999
220,208,1106,221181,Simri,386,26.0057905,86.3494438,26.0100853,86.3566159,26.0008286,86.3443422
221,208,1106,221183,Korhali,330,26.3809308,86.80445859999999,26.3923701,86.8183822,26.3732205,86.7888715
222,208,1106,221184,Bajdari Chakla,143,26.3944476,86.8157579,26.4013004,86.8188323,26.3905504,86.8103027
223,208,1106,221185,Gopalpur,413,25.5376627,85.1781602,0.0,0.0,0.0,0.0
224,208,1106,221186,Chhithi Hanuman Nagar,1929,26.3669112,86.8370937,26.3831003,86.85423279999999,26.3533993,86.80829609999999
225,208,1106,221187,Shahpur Pirthipatti,2047,26.3400985,86.8245443,26.3668098,86.83769989999999,26.3169708,86.7978669
226,208,1106,221188,Sadanandpur,559,25.4042965,86.2806064,25.4153111,86.29346609999999,25.4006386,86.2760425
227,208,1106,221189,Kaleanpur,560,25.9571835,85.7788384,25.9594029,85.7828604,25.9548471,85.7761546
228,208,1106,221190,Gidhani,137,26.3384162,86.7491802,26.3492604,86.7639923,26.3266295,86.733612
229,208,1106,221191,Dhadi,431,26.3377315,86.71900199999999,26.3479309,86.7374571,26.3206692,86.6962965
230,208,1106,221192,Aurahi,380,26.0580926,86.74666610000001,26.0733927,86.7640455,26.0344449,86.72994210000002
231,208,1106,221193,Sonpataha,434,26.2893971,86.6686635,26.2959099,86.6792833,26.2844791,86.6604383
232,208,1106,221194,Itahari,206,25.6690228,86.65355199999999,25.6818753,86.67140189999999,25.6538981,86.6427382
233,208,1106,221195,Banainia,631,26.2957591,86.6888051,26.30616,86.70619169999999,26.28236,86.6715162
234,208,1106,221196,Bhulia,142,25.8015904,86.7001311,25.8072433,86.7046355,25.7992514,86.69435109999999
235,208,1106,221197,Kataia Bhulia,127,26.3198106,86.7089384,26.3291207,86.7238617,26.3101597,86.7005997
236,208,1106,221198,Baltharwa,260,26.3052392,86.7164863,26.3199194,86.7312317,26.2896194,86.69960789999999
237,208,1106,221199,Garhia,641,26.2969065,86.7391229,26.3089295,86.7575988,26.2891405,86.7172928
238,208,1106,221200,Bhabtiahi,590,26.3243323,86.52491640000001,26.3382492,86.5380476,26.3116341,86.5124053
239,208,1106,221201,Piprakhurd,1159,26.3066018,86.7768273,26.3156509,86.7937089,26.2926903,86.7559587
240,208,1106,221202,Bishunpur,742,25.7882434,85.3433404,25.7928504,85.34774,25.7821979,85.33644869999999
241,208,1106,221203,Jhila Dumri,1366,26.3190687,86.80696979999999,26.3386097,86.8268966,26.3031692,86.79252629999999
242,208,1106,221204,Naraenpur,977,25.9377047,86.1794915,25.9594992,86.20455919999999,25.9084071,86.14649179999999
243,208,1106,221205,Murli,1385,26.280116,86.7793398,26.2940502,86.7980271,26.2687301,86.75105289999999
244,208,1106,221206,Murli Milik,125,26.2871796,86.765519,26.2934894,86.77572599999999,26.2828102,86.7540434
245,208,1106,221207,Murli Milik,193,26.2871796,86.765519,26.2934894,86.77572599999999,26.2828102,86.7540434
246,208,1106,221208,Saraigarh,1793,26.2814177,86.70642219999999,26.294689,86.7544937,26.2719305,86.6779325
247,208,1106,221209,Kulipatti,224,26.2711244,86.70768029999999,26.2743397,86.7169725,26.2670803,86.6962432
248,208,1106,221210,Chandpipar,1593,26.2700793,86.72654829999999,26.2812404,86.7464906,26.2497405,86.6862564
249,208,1106,221211,Sukhasan (Part in Kishanpur) *,1383,26.2534026,86.7718017,26.2777995,86.7984388,26.2238503,86.7417526
250,208,1107,221212,Sukhasan (Part in Saraigarh Bhaptiyahi)  *,2590,26.2814177,86.70642219999999,26.294689,86.7544937,26.2719305,86.6779325
251,208,1107,221213,Katmungra,234,26.2885776,86.63339599999999,26.2966402,86.64305859999999,26.2818907,86.60958869999999
252,208,1107,221215,Lachhminia,151,25.4106633,86.328169,25.4151948,86.33256519999999,25.4080817,86.3213825
253,208,1107,221216,Andauli,1572,26.0922894,86.21076719999999,26.1051616,86.2247465,26.0722693,86.1992262
254,208,1107,221217,Phulwaria,1337,26.5834183,84.2792317,26.5920193,84.2893409,26.5745379,84.27080149999999
255,208,1107,221218,Barhatha,381,26.2211235,86.7793398,26.2288894,86.78687289999999,26.2118892,86.7615814
256,208,1107,221219,Mahi Sardar Chakla,172,26.2206737,86.7592355,26.2294198,86.7667237,26.2136898,86.75290690000001
257,208,1107,221220,Tulapatti,663,26.1312532,86.71900199999999,26.1434897,86.7335432,26.11713,86.6996535
258,208,1107,221221,Madhura,409,27.0661184,84.57200519999999,27.0792161,84.5900726,27.0576649,84.5605774
259,208,1107,221222,Mehasimar,1029,26.2233409,86.74666610000001,26.2377605,86.7566908,26.2080708,86.7275772
260,208,1107,221223,Singiawan,942,26.2198793,86.72403299999999,26.2310789,86.7330476,26.2041797,86.7136611
261,208,1107,221224,Keotapatti,393,26.2075067,86.69887279999999,26.2192306,86.7154769,26.1982803,86.67971779999999
262,208,1107,221225,Koraia,848,26.9032933,84.9700507,26.9084236,84.9784552,26.8988209,84.9677047
263,208,1107,221227,Madhura,495,27.0661184,84.57200519999999,27.0792161,84.5900726,27.0576649,84.5605774
264,208,1107,221228,Rajpur,642,27.0576128,84.5038658,27.0689488,84.51591479999999,27.0495052,84.4946442
265,208,1107,221229,Belatarha,1007,26.1650452,86.6485137,26.1797008,86.6593627,26.1544494,86.6360473
266,208,1107,221230,Sisauni,321,26.5660903,85.96876879999999,26.5761604,85.98155969999999,26.5533543,85.9537124
267,208,1107,221231,Abhwar,2709,26.1767838,86.63498419999999,26.1859703,86.6440736,26.1658097,86.6064069
268,208,1107,221232,Khakhai,185,26.1820425,86.6182736,26.1871795,86.6253435,26.1751194,86.61165629999999
269,208,1107,221233,Kishunpur,3695,25.950763,85.9419518,25.9647998,85.96022789999999,25.9398079,85.9306032
270,208,1107,221234,Malar,2465,26.2339975,86.6963561,26.2535094,86.72473889999999,26.2151394,86.6779325
271,208,1107,221235,Shivpuri,1515,25.6152472,85.1077346,25.6199529,85.1135809,25.6110821,85.1041755
272,208,1107,221236,Tharbitia,1080,26.2183798,86.6585897,26.2316608,86.6834563,26.2094498,86.6398392
273,208,1107,221237,Nawabakhar,2234,26.2262453,86.4790917,26.2322769,86.4929887,26.222147,86.4652863
274,208,1107,221238,Kamaldaha,452,26.0748196,87.4331445,26.0878144,87.4462968,26.0591526,87.41856369999999
275,208,1107,221239,Arraha,214,25.9244918,86.7139704,25.936613,86.73226160000002,25.919733,86.6859817
276,208,1107,221241,Sonbarsa,360,25.6942734,86.7078725,0.0,0.0,0.0,0.0
277,208,1107,221242,Parsa Madho,982,26.2672847,86.605668,26.2878494,86.6352995,26.2549991,86.58841699999999
278,208,1107,221243,Asanpur Kupaha,494,26.2867195,86.6170131,26.2908801,86.6271287,26.2810803,86.607231
279,208,1107,221244,Bauraha,736,26.4914005,86.4275882,26.5055464,86.4355011,26.485298,86.41448199999999
280,208,1107,221245,Sujanpur,182,24.8853679,84.14681139999999,24.8875264,84.14881470000002,24.8817842,84.1437507
281,208,1107,221246,Maujaha,841,26.1967335,86.6157527,26.2167092,86.6328735,26.1864203,86.58907300000001
282,208,1107,221247,Siswa,204,26.5394483,84.5837904,26.5467491,84.5877148,26.5293578,84.5756225
283,208,1107,221248,Bela,688,24.9694491,84.97351100000002,24.9747597,84.98207450000001,24.9616545,84.96470099999999
284,208,1107,221250,Pachgachhia,206,26.1868732,86.5728785,26.1947994,86.5879286,26.1744403,86.5571363
285,208,1107,221251,Sukmarpur,137,26.1932503,86.5930592,26.2051696,86.60292799999999,26.1849592,86.57961999999999
286,208,1107,221252,Dubiahi,473,26.0568131,85.2962268,26.0660705,85.31024939999999,26.0470085,85.2880935
287,208,1107,221253,Dighia,307,26.3396983,86.6762176,26.3692493,86.7026976,26.3214398,86.6605302
288,208,1107,221254,Parsa,684,25.8141503,84.9054534,0.0,0.0,0.0,0.0
289,208,1107,221255,Bahorwa,637,27.1062614,84.3988806,27.1236857,84.41419959999999,27.094553,84.3925934
290,208,1108,221256,Sisauni,1052,26.5660903,85.96876879999999,26.5761604,85.98155969999999,26.5533543,85.9537124
291,208,1108,221257,Rasuar,1247,26.2903994,86.5854925,26.2982692,86.61165629999999,26.2787703,86.5682298
292,208,1108,221258,Dhabghat,424,26.2266829,86.4503572,26.2324867,86.4570845,26.2179108,86.4408109
293,208,1108,221259,Kadmaha,557,26.2637995,86.5829699,26.2716583,86.5909727,26.2579098,86.558342
294,208,1108,221261,Kataia,591,26.563057,84.079641,0.0,0.0,0.0,0.0
295,208,1108,221262,Lalmania,1649,26.2869109,86.5627851,26.3059292,86.5777966,26.2628307,86.55236819999999
296,208,1108,221263,Belahi,1202,26.2761276,86.1370148,26.2853451,86.15766119999999,26.2574137,86.1240387
297,208,1108,221264,Maheshpur,107,25.2472454,86.33007049999999,25.271787,86.34275439999999,25.217298,86.3195586
298,208,1108,221265,Gamharia,409,24.5976313,84.7459203,24.6041585,84.75486769999999,24.5913639,84.7382126
299,208,1108,221266,Parari,500,25.6367492,84.1374696,0.0,0.0,0.0,0.0
300,208,1108,221267,Mahuahi,518,25.1793029,84.31607249999999,25.1843491,84.3222885,25.1748238,84.3126372
301,208,1108,221268,Khulharia,561,26.2651174,86.5148133,26.2761496,86.5271837,26.2541369,86.50755319999999
302,208,1108,221269,Saraunjabela,1768,26.2449003,86.53249249999999,26.2618005,86.5530622,26.2213897,86.52118680000001
303,208,1108,221271,Pachgachhia,491,26.1868732,86.5728785,26.1947994,86.5879286,26.1744403,86.5571363
304,208,1108,221273,Barahra,1915,25.3880444,84.5058325,25.3904039,84.5097004,25.3859937,84.5030487
305,208,1108,221274,Jobaha,498,26.2316558,86.59558129999999,26.2467709,86.6115569,26.2076206,86.5822601
306,208,1108,221275,Ghogkaria,1100,26.1948198,86.53501759999999,26.2163505,86.56790149999999,26.1809195,86.5205917
307,208,1108,221277,Parkonch,1665,26.2032438,86.5173392,26.2228203,86.53813919999999,26.1874502,86.4941024
308,208,1108,221278,Baskhora,464,26.2087767,86.5021814,26.2212734,86.51621229999999,26.1997107,86.485542
309,208,1108,221279,Harari,2812,26.237902,86.4870189,26.2457675,86.49655159999999,26.229124,86.4771959
310,208,1108,221280,Badurahi,287,25.6944589,85.1379333,25.6980457,85.14698039999999,25.6882566,85.1300328
311,208,1108,221281,Pachlehira,140,26.1834287,86.49081,26.1871891,86.4954679,26.1793309,86.48314669999999
312,208,1108,221283,Chandargarh,683,26.1902179,86.4667951,26.2114086,86.4749069,26.1806391,86.45944209999999
313,208,1108,221284,Kamrail,963,26.2075433,86.45162189999999,26.2227897,86.464996,26.1959894,86.4430235
314,208,1108,221285,Morauna,4154,25.2578361,84.2844961,25.2660428,84.2943877,25.2504271,84.27276619999999
315,208,1108,221286,Kusmaul,456,26.4255992,85.9993997,26.4359341,86.0105286,26.417118,85.9943084
316,208,1108,221287,Janardanpur,138,25.9910267,85.8012566,25.9955203,85.8067643,25.9866504,85.7971264
317,208,1108,221289,Rataho,136,26.1675673,86.44529829999999,26.1718196,86.44760889999999,26.1656208,86.43888849999999
318,208,1108,221290,Gonaura,723,26.1725192,86.4667951,26.1858596,86.48351269999999,26.1490211,86.45670319999999
319,208,1108,221291,Parsauni,800,26.393841,85.917677,26.3982895,85.9224845,26.3807977,85.9085369
320,208,1108,221292,Mongarihaul,368,26.1737457,86.5173392,26.1795501,86.5260772,26.1628417,86.503349
321,208,1108,221293,Khokhaha,825,26.1712205,86.53501759999999,26.2047196,86.570923,26.1538295,86.5146027
322,208,1109,221296,Nirmali,430,26.1630329,86.5627851,26.1721192,86.5748826,26.1516608,86.5504991
323,208,1109,221297,Surti Patti,480,26.164105,86.6081894,26.1730194,86.6187669,26.1507395,86.6005095
324,208,1109,221298,Chain Singh Patti,1427,26.1467564,86.6233149,26.1591892,86.64148709999999,26.1353301,86.6086577
325,208,1109,221299,Mahuwa,905,25.8147343,85.3969353,0.0,0.0,0.0,0.0
326,208,1109,221300,Malhad,382,26.2142393,86.6377574,0.0,0.0,0.0,0.0
327,208,1109,221301,Kharail,477,26.0848912,86.5962117,26.0871105,86.5990904,26.0830803,86.59394809999999
328,208,1109,221302,Parsa,1126,25.8141503,84.9054534,0.0,0.0,0.0,0.0
329,208,1109,221303,Piprahi,205,26.5641963,85.3265449,26.5702686,85.3423462,26.5515462,85.3103409
330,208,1109,221304,Bainia,627,26.1387004,86.59432029999999,26.1571198,86.60765839999999,26.1303996,86.579483
331,208,1109,221305,Dabhari,581,26.2698091,86.1764475,26.2784786,86.187996,26.2633856,86.1568527
332,208,1109,221306,Ghiwak,326,26.148007,86.5823393,26.1544399,86.5897675,26.1376304,86.57734669999999
333,208,1109,221307,Ghuran,472,26.1574914,86.5779245,26.1618996,86.5839461,26.1490994,86.5675964
334,208,1109,221308,Magurar,325,26.1455704,86.5728785,26.1531201,86.58133699999999,26.134199,86.5659333
335,208,1109,221309,Dumaria,200,24.441598,84.3988806,24.4511866,84.40341,24.4333582,84.38873889999999
336,208,1109,221312,Balwa,328,26.550357,85.8307059,26.5553225,85.8458022,26.5348778,85.824028
337,208,1109,221313,Narahia,315,26.3622248,86.5323325,0.0,0.0,0.0,0.0
338,208,1109,221314,Pipra Khurd,706,26.1154154,86.5610799,26.122584,86.5678322,26.1139359,86.55679119999999
339,208,1109,221315,Dumaria,800,24.441598,84.3988806,24.4511866,84.40341,24.4333582,84.38873889999999
340,208,1109,221316,Chhapkahi,186,26.1017036,86.5583686,26.1069298,86.5622482,26.0972003,86.554451
341,208,1109,221317,Baspiti,2375,26.1004091,86.53501759999999,26.1211815,86.5673519,26.0890903,86.50559989999999
342,208,1109,221318,Telwa,1987,25.8754989,86.390883,25.8830679,86.4035654,25.8675262,86.37760159999999
343,208,1109,221319,Gopalpur Siri,747,26.0837599,86.4566801,26.0961361,86.47300720000001,26.0696029,86.44333639999999
344,208,1109,221320,Gopalpur Khurd,121,25.9923811,85.5496296,25.9969748,85.5566254,25.9876593,85.5445402
345,208,1109,221321,Chandail,507,26.0785965,86.4870189,26.0884304,86.5036087,26.0708007,86.4695969
346,208,1109,221322,Maricha,912,25.6651147,85.6100773,25.6756058,85.6406938,25.6560783,85.59966279999999
347,208,1109,221323,Parsauni,444,26.393841,85.917677,26.3982895,85.9224845,26.3807977,85.9085369
348,208,1109,221324,Bijalpur,432,26.0537865,86.4983912,26.0645103,86.5104066,26.0426539,86.4888764
349,208,1109,221325,Bakaur,822,26.0613781,86.5072345,26.0700206,86.5187225,26.0560073,86.4911573
350,208,1109,221326,Sihe,510,26.0573457,86.5236537,26.0638293,86.5307768,26.0475713,86.51564019999999
351,208,1109,221328,Purain,167,26.066139,86.52112799999999,26.0709399,86.5300521,26.0622997,86.5165863
352,208,1109,221329,Rampur,438,27.0592413,84.5458072,27.0733795,84.5552213,27.0524405,84.5282364
353,208,1109,221330,Nemua,723,26.239858,86.3870843,26.2486344,86.3970642,26.2331028,86.3800278
354,208,1109,221331,Lalchandpur,185,26.0846595,86.52428510000001,26.0873508,86.5284729,26.0816497,86.52113349999999
355,208,1109,221332,Ramdat patti,1105,26.0796917,86.53249249999999,26.0924702,86.53904709999999,26.0665302,86.5185394
356,208,1109,221333,Maheshpur,619,25.2472454,86.33007049999999,25.271787,86.34275439999999,25.217298,86.3195586
357,208,1109,221334,Karanpur,1093,26.0864352,86.5678321,26.0954303,86.5896836,26.0757598,86.5528106
358,208,1109,221335,Malhani,1483,26.0689664,86.5779245,26.0835704,86.60711649999999,26.0602091,86.5527724
359,208,1109,221337,Sukhpur Solhani,2324,26.065237,86.5451167,26.0794104,86.5757826,26.0402602,86.5189134
360,208,1109,221338,Balha,992,26.0618289,86.15899519999999,26.0658177,86.1669539,26.0579024,86.1518251
361,208,1109,221339,Nanupatti Dhor,300,26.0425884,86.5236537,26.0455207,86.53124989999999,26.0393009,86.5174024
362,208,1109,221340,Kataia,218,26.563057,84.079641,0.0,0.0,0.0,0.0
363,208,1109,221341,Dhor Raghopur,272,26.002951,86.53249249999999,26.0076103,86.5358126,25.99712,86.5273665
364,208,1109,221342,Bairo,2765,26.0172872,86.5148133,26.0411489,86.5446166,25.9908617,86.501396
365,208,1109,221344,Dudha,147,26.0164455,86.54132969999999,26.0230998,86.5452194,26.0095499,86.5363996
366,208,1109,221345,Keotna,295,26.0224694,86.5463789,26.0301495,86.55198659999999,26.0117493,86.5399399
367,208,1109,221346,Balias,269,25.0275304,87.1098612,25.0366172,87.1230471,25.0218505,87.0965729
368,208,1109,221347,Parsaramaparsauni,1612,26.0334288,86.5728785,26.0478898,86.5900192,26.021139,86.5506668
369,208,1109,221348,Dhudhaura Malikana,128,26.0416799,86.5785552,26.0436707,86.5810623,26.0391291,86.57649210000001
370,208,1109,221349,Barail,769,26.033904,86.5930592,26.0452708,86.5996629,26.0206927,86.58280189999999
371,208,1109,221350,Simra,965,24.8529862,84.8124699,24.8613451,84.8342744,24.844015,84.7899094
372,208,1109,221351,Barail Milik,141,26.0621515,86.6018857,26.0665397,86.6064528,26.0575504,86.5991897
373,208,1109,221352,Goth Baruari,1853,26.0519687,86.6081894,26.0762691,86.6483993,26.0284308,86.588516
374,208,1109,221353,Baruari,2225,26.0314831,86.6157527,26.0465297,86.63984669999999,26.0151385,86.5925062
375,208,1109,221354,Laukaha,2155,26.5498118,86.4667951,26.5607102,86.47896779999999,26.5391388,86.45905499999999
376,208,1109,221355,Amha,1880,26.0449185,86.6862879,26.0727901,86.7086181,26.028841,86.6705625
377,208,1109,221356,Hardi,3901,26.085582,86.68716719999999,26.0944293,86.6903784,26.0818213,86.6806237
378,208,1109,221357,Katbansi,112,26.0302713,86.6270955,26.0356902,86.6299207,26.0280398,86.6213684
379,208,1109,221358,Itahari,738,25.6690228,86.65355199999999,25.6818753,86.67140189999999,25.6538981,86.6427382
380,208,1109,221359,Jhahura,735,25.7515979,85.7384617,25.7596037,85.7614899,25.7428933,85.71326429999999
381,208,1109,221360,Bela,426,24.9694491,84.97351100000002,24.9747597,84.98207450000001,24.9616545,84.96470099999999
382,208,1109,221361,Ekma,2078,25.9651053,84.53532469999999,25.9713502,84.5444644,25.9577612,84.5262691
383,208,1109,221362,Bina,3124,25.8157321,86.422527,25.8266467,86.4303662,25.8004646,86.4138565
384,208,1109,221364,Maricha,302,25.6651147,85.6100773,25.6756058,85.6406938,25.6560783,85.59966279999999
385,208,1109,221366,Kariho,2500,26.1266291,86.64599439999999,26.1444301,86.67027279999999,26.1034699,86.62914289999999
386,208,1109,221367,Laurah,1500,26.1006083,86.65173469999999,0.0,0.0,0.0,0.0
387,208,1109,801304,Supaul (Nagar Parishad),12495,26.1232961,86.6038951,26.1235046,86.60408199999999,26.1231676,86.6036555
388,208,1110,221368,Jharka,635,26.2021794,86.72403299999999,26.2094498,86.75347889999999,26.1761893,86.7198715
389,208,1110,221369,Jarauli,591,24.6532356,85.50457109999999,24.6754932,85.5310593,24.6243876,85.4818726
390,208,1110,221370,Bairio,381,26.2019509,86.7139704,26.2099208,86.72123719999999,26.192829,86.7025374
391,208,1110,221371,Ratauli,1342,26.4919216,85.8460643,26.4956969,85.85247009999999,26.4849967,85.8413772
392,208,1110,221372,Hatwaria,1395,26.1127445,86.6837705,26.1287306,86.69740279999999,26.0990197,86.6692504
393,208,1110,221373,Ramnagar,3061,27.1659296,84.32697110000001,0.0,0.0,0.0,0.0
394,208,1110,221374,Mahichanda,302,26.132357,86.70264759999999,26.1391105,86.71179190000001,26.1237297,86.69413759999999
395,208,1110,221375,Tulapatti,1096,26.1312532,86.71900199999999,26.1434897,86.7335432,26.11713,86.6996535
396,208,1110,221376,Lalpatti,308,26.1414956,86.7152284,26.1484698,86.7279968,26.1375102,86.70245360000001
397,208,1110,221377,Nirmali,1230,26.1630329,86.5627851,26.1721192,86.5748826,26.1516608,86.5504991
398,208,1110,221378,Pathrajolhania,3660,26.1507003,86.6661453,26.1736603,86.6959686,26.1211604,86.6429215
399,208,1110,221379,Kataia Mahe,1857,26.1548594,86.71900199999999,26.1694392,86.7320019,26.1367492,86.7032165
400,208,1110,221380,Gidrahi,387,26.3655889,86.6485137,26.3772448,86.6626433,26.3573073,86.6384812
401,208,1110,221381,Belokhra,801,26.1759116,86.73660819999999,26.1878395,86.7485808,26.1663894,86.72258769999999
402,208,1110,221382,Kataia Milik,142,26.1595985,86.73283599999999,26.1679801,86.7368393,26.1471004,86.7264862
403,208,1110,221383,Thumha,1427,26.1554277,86.7441518,26.1720296,86.7573014,26.1378804,86.7269972
404,208,1110,221384,Basaha,1692,26.2174458,84.787686,26.2239495,84.7968138,26.2129537,84.7747497
405,208,1110,221385,Bishunpur,1119,25.7882434,85.3433404,25.7928504,85.34774,25.7821979,85.33644869999999
406,208,1110,221386,Rajpur,817,27.0576128,84.5038658,27.0689488,84.51591479999999,27.0495052,84.4946442
407,208,1110,221387,Rampur,1162,27.0592413,84.5458072,27.0733795,84.5552213,27.0524405,84.5282364
408,208,1110,221388,Amaha,2701,26.1302694,86.80696979999999,26.1552792,86.8283309,26.1109008,86.77915209999999
409,208,1110,221389,Pipra,1732,27.138072,84.4618943,27.143814,84.4705429,27.1226787,84.4551161
410,208,1110,221390,Makroi,1067,26.1920684,86.79943589999999,26.2092303,86.8153306,26.1807498,86.7854614
411,208,1110,221391,Bishunpur,457,25.7882434,85.3433404,25.7928504,85.34774,25.7821979,85.33644869999999
412,208,1110,221392,Debipatti,562,26.16813,86.78436459999999,26.1778506,86.7916109,26.1560706,86.7714766
413,208,1110,221393,Dinapatti,1305,26.1529844,86.7667756,26.1659698,86.78800170000001,26.1375102,86.75009179999999
414,208,1110,221394,Sakhua,1380,26.1765894,86.7667756,26.1886291,86.7794112,26.159149,86.7468567
415,208,1110,221395,Tharhi Bhawanipur,1659,26.2035349,86.78436459999999,26.2136097,86.7929533,26.1930503,86.772232
416,208,1110,221397,Sihraul,247,26.2039808,86.80445859999999,26.2088298,86.8152084,26.1981791,86.7987212
417,208,1110,221398,Jiwachhpur,590,26.2154472,86.7893889,26.2255096,86.80055999999999,26.2076301,86.7830961
418,208,1110,221399,Maheshpur,1293,25.2472454,86.33007049999999,25.271787,86.34275439999999,25.217298,86.3195586
419,208,1110,221401,Lalpur,857,26.228135,86.82956449999999,26.2374191,86.8406677,26.2170295,86.81326299999999
420,208,1110,221402,Bhaiaram Sardar Chakla,210,26.2225648,86.8446218,26.2351492,86.8555219,26.2129306,86.8336868
421,208,1110,221403,Dubiahi,978,26.0568131,85.2962268,26.0660705,85.31024939999999,26.0470085,85.2880935
422,208,1110,221404,Dulari,281,26.2152716,86.84838529999999,26.2244701,86.85455309999999,26.2074508,86.840599
423,208,1110,221405,Beldara,418,26.2149423,86.8333292,26.2221299,86.84435239999999,26.205799,86.82270799999999
424,208,1110,221406,Basuli,645,26.2044237,86.8245443,26.2199897,86.83570859999999,26.1918202,86.81340019999999
425,208,1111,221407,Pakri,377,27.1330331,84.4828838,27.1416949,84.4900664,27.119379,84.4664457
426,208,1111,221408,Bela,308,24.9694491,84.97351100000002,24.9747597,84.98207450000001,24.9616545,84.96470099999999
427,208,1111,221409,Rahta,111,25.9325277,86.94738799999999,25.9411087,86.9865646,25.9038696,86.9299088
428,208,1111,221410,Gamhirpur,634,26.3017349,84.2568529,26.3130779,84.2712324,26.2945366,84.24884809999999
429,208,1111,221411,Lachhmipur,269,26.6158818,84.8620054,26.6408614,84.8937224,26.6063994,84.85387399999999
430,208,1111,221412,Atlakha Belahi,489,26.1746983,86.81450249999999,26.1826096,86.8242492,26.1664599,86.8057937
431,208,1111,221413,Bhura,416,26.1575447,86.8396032,26.1645794,86.8474119,26.1467704,86.8257064
432,208,1111,221414,Belha,166,26.3877666,86.4073403,26.3922254,86.41292100000001,26.3835659,86.39935969999999
433,208,1111,221415,Bhairapatti,421,26.2048636,86.8446218,26.2098407,86.85276789999999,26.1969393,86.8317411
434,208,1111,221416,Semaria,1346,26.3006802,84.2305141,26.3118515,84.2434768,26.286373,84.2129819
435,208,1111,221417,Karharwa,494,26.7192326,85.2127166,26.7276038,85.22583759999999,26.710415,85.2043838
436,208,1111,221418,Auraha,480,26.3515328,86.5526896,26.3584595,86.56221769999999,26.3416919,86.5425034
437,208,1111,221419,Maun,200,26.1764772,86.8283095,26.1823805,86.8353118,26.1730194,86.82118229999999
438,208,1111,221420,Pathragordhoi,1053,26.1694574,86.8446218,26.1769905,86.87191779999999,26.1569195,86.81487249999999
439,208,1111,221421,Thalha Garhia,4416,26.1790174,86.8772298,26.2323799,86.902199,26.1352511,86.85823049999999
440,208,1111,221422,Jagur,847,26.1518618,86.84963979999999,26.1620006,86.8636475,26.1412792,86.83561689999999
441,208,1111,221423,Babhanganwa,2545,26.1403846,86.8646909,26.1719608,86.8829727,26.1280097,86.82539369999999
442,208,1111,221424,Mahesua,855,26.1191258,86.8370937,26.1339397,86.84750369999999,26.1029681,86.8213425
443,208,1111,221425,Latauna,4326,26.1139859,86.87221459999999,26.1336803,86.8910597,26.0886689,86.838562
444,208,1111,221426,Kusaha,2660,25.0646732,86.6875465,25.0686341,86.69454950000001,25.0594424,86.6818162
445,208,1111,221427,Mahulia,650,24.8733946,86.2996368,24.88035,86.31795489999999,24.8656959,86.286682
446,208,1111,221428,Lachhminia,1113,25.4106633,86.328169,25.4151948,86.33256519999999,25.4080817,86.3213825
447,208,1111,221429,Daparkha,2725,26.1324479,86.90731009999999,26.1515292,86.9273377,26.1116199,86.8927211
448,208,1111,221430,Barahkurwa,2341,26.3560778,85.1965287,26.3591175,85.1990814,26.3516635,85.1894757
449,208,1111,221431,Kukur Dhari,127,26.1566966,86.93737159999999,26.1711902,86.9589767,26.1482105,86.9285887
450,208,1111,221432,Mirjawa,1476,26.1769807,86.919838,26.1890907,86.94139100000001,26.1664201,86.8918305
451,208,1111,221433,Laharnia,1166,26.1944708,86.9098159,26.2074794,86.923683,26.1820792,86.8922197
452,208,1111,221434,Purandaha,733,26.1148122,87.70494529999999,26.124855,87.72090899999999,26.1008013,87.68723299999999
453,208,1111,221435,Orlaha,1132,26.2007991,86.929858,26.2166308,86.9358369,26.1794492,86.9196395
454,208,1111,221436,Gorha,2106,26.2272991,86.9273532,26.2518902,86.94937879999999,26.2131804,86.9131087
455,208,1111,221437,Ganjhar Lakheraj,400,26.2423157,86.93987589999999,26.2495592,86.9455033,26.2317905,86.93360129999999
456,208,1111,221438,Ganjhar Mal,182,26.2425277,86.94989179999999,26.2491798,86.95320869999999,26.2341098,86.941971
457,208,1111,221439,Bhagwanpur,364,25.8586153,85.299719,25.8702218,85.3115772,25.8458828,85.28169059999999
458,208,1111,221440,Hariharpatti,684,26.2250379,86.95990549999999,26.2323397,86.969223,26.2131996,86.9478685
459,208,1111,221441,Kusaha,587,25.0646732,86.6875465,25.0686341,86.69454950000001,25.0594424,86.6818162
460,208,1111,221442,Pansahi,906,26.1951105,86.93987589999999,26.2147101,86.9487609,26.1784992,86.93306729999999
461,208,1111,221443,Karanpatti,354,26.1895265,86.95489889999999,26.1985091,86.96681199999999,26.1796894,86.9440766
462,208,1111,221444,Belapatti,222,26.1762216,86.95364719999999,26.1829489,86.96956639999999,26.1702308,86.9397965
463,208,1111,221445,Guria,1627,26.1573295,86.96741449999999,26.1754703,86.98583219999999,26.1462992,86.950546
464,208,1111,221446,Pilwaha,1217,26.1364082,86.95489889999999,26.1501901,86.9698487,26.1200599,86.93657669999999
465,208,1111,221447,Manganj,3607,26.1459429,86.98743259999999,26.1690595,87.0135878,26.1247195,86.9581681
466,208,1111,221448,Bishunia,222,26.3332125,84.61389729999999,26.3397598,84.6228484,26.3220959,84.5984038
467,208,1111,221449,Hirapatti,924,26.109696,87.0186942,26.1142318,87.0217941,26.1052878,87.01364029999999
468,208,1111,221450,Koriapatti,3131,26.1012624,86.9983795,26.1284021,87.0133719,26.0782824,86.9840758
469,208,1111,221451,Jadia,3133,26.097164,86.9836798,26.1029222,86.990025,26.0943278,86.9777513
470,208,1111,221452,Phulkaha,944,26.7340926,85.5341852,26.7423592,85.5412901,26.7287407,85.5282975
471,208,1111,221455,Mohar Rampur,778,26.0672249,87.0349421,26.0745498,87.0472029,26.0601755,87.02337910000001
472,208,1111,221457,Raghunathpur,911,25.5613615,84.3094955,25.5687696,84.3153303,25.5550624,84.29893779999999
473,208,1111,221458,Baghaeli,1381,26.0757227,87.01744409999999,26.091299,87.0466233,26.0679377,87.0080871
474,208,1111,221463,Parsagarhi Milik,107,26.0995325,87.0630506,26.1036109,87.0648271,26.0949307,87.0434265
475,208,1111,221464,Parsagarhi,3803,26.0771167,87.07751909999999,0.0,0.0,0.0,0.0
476,208,1111,221465,Parsagarhi Milik,109,26.0995325,87.0630506,26.1036109,87.0648271,26.0949307,87.0434265
477,208,1111,221467,Gobindpur,431,24.782413,85.6929207,24.7843188,85.6985521,24.7802083,85.68664299999999
478,208,1111,221469,Nandan,444,25.5415491,84.1804384,25.564846,84.1943513,25.5241832,84.16242969999999
