district_code,subdistrict_code,village_code,village_name,num_households
204,1031,217475,Bharatmahi,558
204,1031,217476,Bairiya Birt,450
204,1031,217477,Ekderwa,337
204,1031,217478,Sihpur,363
204,1031,217479,Haraiya,311
204,1031,217480,Pantoka,658
204,1031,217481,Dhangarhwa,398
204,1031,217482,Kaurihar,1730
204,1031,217483,JakiYari,816
204,1031,217484,Chikni,488
204,1031,217485,Chanduli,127
204,1031,217486,Siswa,835
204,1031,217487,Kauwadhangar,390
204,1031,217488,Lachhmipur,563
204,1031,217489,Lachhamanwa,654
204,1031,217490,JatiYahi,298
204,1031,217491,Khirichiya,458
204,1031,217492,Sihorwa,341
204,1031,217493,Kananaparshotimpur,1274
204,1031,217494,Senuaria,345
204,1031,217495,HardiYa,1953
204,1031,217496,GamhariYa,608
204,1031,217498,Saunaha,572
204,1031,217499,Harnahi,1413
204,1031,217500,Semri,425
204,1031,217501,Sidhpur,501
204,1031,217502,Palanwan,2525
204,1031,217503,Bhelahi,1743
204,1031,217504,Purandra,1506
204,1031,217505,Belwa,595
204,1031,217506,PipariYa,485
204,1031,217507,Laukariya,1449
204,1031,217509,GamhariYa Anand Sagar,369
204,1031,217510,Sirisiya Nizamat,229
204,1031,217511,Sirsia Birit,251
204,1031,217513,Parsauna Tapsi,1647
204,1031,217514,Bahuari,1207
204,1031,217515,Siswaniyan,403
204,1031,217516,Sirampur,574
204,1031,217517,Nonea,1738
204,1031,801282,Raxaul Bazar  (Nagar Parishad),9513
204,1031,801282,Raxaul Bazar  (Nagar Parishad) WARD NO.-0001,501
204,1031,801282,Raxaul Bazar  (Nagar Parishad) WARD NO.-0002,241
204,1031,801282,Raxaul Bazar  (Nagar Parishad) WARD NO.-0003,332
204,1031,801282,Raxaul Bazar  (Nagar Parishad) WARD NO.-0004,607
204,1031,801282,Raxaul Bazar  (Nagar Parishad) WARD NO.-0005,291
204,1031,801282,Raxaul Bazar  (Nagar Parishad) WARD NO.-0006,246
204,1031,801282,Raxaul Bazar  (Nagar Parishad) WARD NO.-0007,341
204,1031,801282,Raxaul Bazar  (Nagar Parishad) WARD NO.-0008,340
204,1031,801282,Raxaul Bazar  (Nagar Parishad) WARD NO.-0009,417
204,1031,801282,Raxaul Bazar  (Nagar Parishad) WARD NO.-0010,327
204,1031,801282,Raxaul Bazar  (Nagar Parishad) WARD NO.-0011,459
204,1031,801282,Raxaul Bazar  (Nagar Parishad) WARD NO.-0012,275
204,1031,801282,Raxaul Bazar  (Nagar Parishad) WARD NO.-0013,289
204,1031,801282,Raxaul Bazar  (Nagar Parishad) WARD NO.-0014,272
204,1031,801282,Raxaul Bazar  (Nagar Parishad) WARD NO.-0015,253
204,1031,801282,Raxaul Bazar  (Nagar Parishad) WARD NO.-0016,502
204,1031,801282,Raxaul Bazar  (Nagar Parishad) WARD NO.-0017,417
204,1031,801282,Raxaul Bazar  (Nagar Parishad) WARD NO.-0018,459
204,1031,801282,Raxaul Bazar  (Nagar Parishad) WARD NO.-0019,414
204,1031,801282,Raxaul Bazar  (Nagar Parishad) WARD NO.-0020,475
204,1031,801282,Raxaul Bazar  (Nagar Parishad) WARD NO.-0021,303
204,1031,801282,Raxaul Bazar  (Nagar Parishad) WARD NO.-0022,463
204,1031,801282,Raxaul Bazar  (Nagar Parishad) WARD NO.-0023,288
204,1031,801282,Raxaul Bazar  (Nagar Parishad) WARD NO.-0024,532
204,1031,801282,Raxaul Bazar  (Nagar Parishad) WARD NO.-0025,469
204,1032,0,Adapur,39818
204,1032,0,Adapur,39818
204,1032,217518,Lachhimipur Pokhariya,1193
204,1032,217519,Chainpur,724
204,1032,217520,Bhawanipur,1319
204,1032,217521,Katkenwa,512
204,1032,217522,Sirsiya,953
204,1032,217523,Nakardei,798
204,1032,217524,Bhakurahiya,534
204,1032,217525,Harpur,693
204,1032,217526,Naek Tola,757
204,1032,217527,Ghora Sahan,617
204,1032,217528,Tola Rampur,236
204,1032,217529,Inarwa,660
204,1032,217530,Beldarwa,413
204,1032,217531,Lala Chhapra,335
204,1032,217532,Jamunbhar,475
204,1032,217533,Auraia,1291
204,1032,217534,Mutia,910
204,1032,217535,Shampur,1282
204,1032,217536,Sirsia Kalan,1474
204,1032,217537,Kachurbari,856
204,1032,217538,Tola Unchi Dih,613
204,1032,217539,Tola Chikni,347
204,1032,217540,Barwa,926
204,1032,217541,Lachhmipur,268
204,1032,217542,Arara,512
204,1032,217543,Belwa,540
204,1032,217544,Bhaluahiya,331
204,1032,217545,Hira Chhapra,164
204,1032,217546,Bairiya,357
204,1032,217547,Kachorwa,286
204,1032,217548,Maghi,531
204,1032,217549,Bishunpurwa,984
204,1032,217550,Sirsia Khurd,527
204,1032,217551,Bherihari,702
204,1032,217552,Imilwa,294
204,1032,217553,Kalwariya,158
204,1032,217554,Majhariya,1777
204,1032,217555,Birta Tola,206
204,1032,217556,Anhara,1498
204,1032,217557,Latiahi,878
204,1032,217558,Bhawnari,328
204,1032,217559,Gamhariya Khurd,560
204,1032,217560,Katkenwa,467
204,1032,217561,Kanunia,415
204,1032,217562,Dhabdhabwa,820
204,1032,217563,Koraia,828
204,1032,217564,Pach Pokharia,418
204,1032,217565,Kurminia,477
204,1032,217566,Jhitkahia,558
204,1032,217567,Bakhri,511
204,1032,217568,Latihanwa,459
204,1032,217569,Tikulia,268
204,1032,217570,Chandarman,520
204,1032,217571,Dubaha,510
204,1032,217572,Gamharia Kalan,1313
204,1032,217573,Belahiya,1203
204,1032,217574,Bahadurpur,505
204,1032,217575,Bagahi,639
204,1032,217576,Bakhtaura,508
204,1032,217577,Bariarpur,580
204,1033,0,Ramgarhwa,40566
204,1033,0,Ramgarhwa,40566
204,1033,217578,Unchi Dih,364
204,1033,217579,Kharkatwa,512
204,1033,217580,Kalikapur,126
204,1033,217581,Pokhariya,135
204,1033,217582,Khonrwa,218
204,1033,217583,Mura,387
204,1033,217584,Pakhnahiya,916
204,1033,217585,Phulwariya,2303
204,1033,217586,Jaitapur,1605
204,1033,217587,Garhwa,192
204,1033,217588,Sukhi Semra,834
204,1033,217589,Kohbarwa,329
204,1033,217590,Basti Semra,488
204,1033,217591,Ahirauliya,2555
204,1033,217592,Belwa Piparpanti,228
204,1033,217593,Singasni,2231
204,1033,217594,Kat Kenwa,678
204,1033,217595,Bela,2037
204,1033,217596,Sihorwa,302
204,1033,217597,Siswaniya,1112
204,1033,217598,Bandhu Barwa,577
204,1033,217599,Sakrar,1791
204,1033,217600,Ramgarhwa,2184
204,1033,217601,Dhanhar Dihuli,1495
204,1033,217602,Amodei,4248
204,1033,217603,Shiwa Nagar,704
204,1033,217604,Naugarhwa,133
204,1033,217605,Chikni,182
204,1033,217606,Misrauliya,394
204,1033,217607,Patni,1606
204,1033,217608,Unchibhatiya,412
204,1033,217609,Parsauna Madan,444
204,1033,217610,Bhatwaliya,206
204,1033,217611,Inarwa,620
204,1033,217612,Bishambharapur,241
204,1033,217613,Belahiya,486
204,1033,217614,ChampaPur,3144
204,1033,217615,Tola Birta,1213
204,1033,217616,Dumri,499
204,1033,217617,Lachhmipur,205
204,1033,217618,Arza Nagar,268
204,1033,217620,Murla,1380
204,1033,217621,Bheriharwa,582
204,1034,0,Sugauli,47387
204,1034,0,Sugauli,39907
204,1034,0,Sugauli,7480
204,1034,217622,Chainpur,195
204,1034,217623,Baghi,938
204,1034,217624,MadhopurNankar,190
204,1034,217625,MadhopurNizamat,216
204,1034,217626,MadhopurKaramwa,1495
204,1034,217627,Bahuari,365
204,1034,217628,Sirkhandi,689
204,1034,217630,Dewdatwa,353
204,1034,217631,Khutiharwa,318
204,1034,217632,Raghunathpur,426
204,1034,217633,Ledihar,229
204,1034,217634,Pachbhirwa,447
204,1034,217635,Parsauna,180
204,1034,217636,Pajiarwa,978
204,1034,217637,Shampur,334
204,1034,217638,Khonra,505
204,1034,217639,Baksa,1037
204,1034,217640,Unwa Birit,151
204,1034,217641,Muswa,930
204,1034,217642,Biguia,222
204,1034,217643,Gorgawan,446
204,1034,217644,Suganw,3735
204,1034,217645,Kaithwalia,717
204,1034,217646,Mali,1990
204,1034,217647,Sukul Pakar Urf Belwalia,1402
204,1034,217648,Chiljhapti urf Juajat,421
204,1034,217649,Lal Parsa,640
204,1034,217650,Madhopur Bahuarwa urf Danditol,787
204,1034,217651,Siripur,4045
204,1034,217652,Bhataha,1397
204,1034,217653,Parsurampur,134
204,1034,217654,Dumdumwa,266
204,1034,217655,RoyPatti,432
204,1034,217656,Baluwa Tikulia,361
204,1034,217657,Muda  Chhapra,276
204,1034,217658,Gurhaurf Koraia,225
204,1034,217659,Phulwaria,784
204,1034,217660,Phulwaria Ojha,692
204,1034,217661,Baudha,451
204,1034,217662,Bhargawan,1866
204,1034,217663,Chhagraha,1065
204,1034,217664,Tola Dharampur,306
204,1034,217665,Bhawanipur,643
204,1034,217666,Chhapra Bahas,3050
204,1034,217667,Sapaha,411
204,1034,217668,Mansingha,3167
204,1034,801283,Sugauli (NP),7480
204,1034,801283,Sugauli (NP) WARD NO.-0001,384
204,1034,801283,Sugauli (NP) WARD NO.-0002,331
204,1034,801283,Sugauli (NP) WARD NO.-0003,518
204,1034,801283,Sugauli (NP) WARD NO.-0004,233
204,1034,801283,Sugauli (NP) WARD NO.-0005,228
204,1034,801283,Sugauli (NP) WARD NO.-0006,478
204,1034,801283,Sugauli (NP) WARD NO.-0007,365
204,1034,801283,Sugauli (NP) WARD NO.-0008,323
204,1034,801283,Sugauli (NP) WARD NO.-0009,297
204,1034,801283,Sugauli (NP) WARD NO.-0010,269
204,1034,801283,Sugauli (NP) WARD NO.-0011,593
204,1034,801283,Sugauli (NP) WARD NO.-0012,455
204,1034,801283,Sugauli (NP) WARD NO.-0013,302
204,1034,801283,Sugauli (NP) WARD NO.-0014,251
204,1034,801283,Sugauli (NP) WARD NO.-0015,404
204,1034,801283,Sugauli (NP) WARD NO.-0016,459
204,1034,801283,Sugauli (NP) WARD NO.-0017,342
204,1034,801283,Sugauli (NP) WARD NO.-0018,538
204,1034,801283,Sugauli (NP) WARD NO.-0019,335
204,1034,801283,Sugauli (NP) WARD NO.-0020,375
204,1035,0,Banjaria,32464
204,1035,0,Banjaria,32464
204,1035,217669,Phulwar,3309
204,1035,217670,Ghormarwa,632
204,1035,217671,Gamharia,160
204,1035,217672,Kukurjari,381
204,1035,217673,Janerwa,1576
204,1035,217674,Burhwa,307
204,1035,217675,Rohinia,626
204,1035,217676,Chichurahia,504
204,1035,217677,Sukhi Dih,142
204,1035,217678,Jatwa,960
204,1035,217679,Pachrukha,7830
204,1035,217680,Patkhaulia,210
204,1035,217681,Kaparsandi,173
204,1035,217682,Semra Tola Bhola,593
204,1035,217683,Semra Tola Hat,517
204,1035,217684,Semra Khas,505
204,1035,217685,Bhela Chhapra,348
204,1035,217686,Loknath Pur,275
204,1035,217687,Chailaha,3075
204,1035,217689,Tarkulwa,844
204,1035,217690,Banjaria (part),443
204,1035,217691,Banjaria,578
204,1035,217692,Singhia Sagar,426
204,1035,217693,Pipra,228
204,1035,217695,Ajgari,1407
204,1035,217696,Singia Hiban,593
204,1035,217697,Pakaria,195
204,1035,217698,Siswa,4804
204,1035,217699,Chitaha,743
204,1036,0,Narkatia,32955
204,1036,0,Narkatia,32955
204,1036,217700,Katkenwa,393
204,1036,217702,Mahuawa,644
204,1036,217703,Bindbasini,417
204,1036,217704,Hanuman nagar,240
204,1036,217705,Dharam Nagar,248
204,1036,217706,Dharhari,283
204,1036,217707,Belwa (Bhelwa),1082
204,1036,217708,Budhuaha,436
204,1036,217709,Lachhman Nagar,134
204,1036,217710,Baikunthwa,638
204,1036,217711,Narkatia,1459
204,1036,217712,Siswaniya,561
204,1036,217713,Rampur,820
204,1036,217714,Sihorwa,328
204,1036,217715,Bishunpur,368
204,1036,217716,Mathiya Birt,392
204,1036,217717,Jitpur,2149
204,1036,217718,Bhatanahiya,1120
204,1036,217719,Pakariya,532
204,1036,217720,Bathuahiya,296
204,1036,217721,Purainiya,1082
204,1036,217722,Laudiha,395
204,1036,217723,Tinkoni,2088
204,1036,217724,Raghunathpur,316
204,1036,217725,Baijnathpur,161
204,1036,217727,Rampur,155
204,1036,217728,Ekdari,1038
204,1036,217729,Darpa,2703
204,1036,217730,Masahi,469
204,1036,217731,Murli,410
204,1036,217732,Siripur,568
204,1036,217733,Kudarkat,1570
204,1036,217734,Bela,610
204,1036,217735,Khairwa,1005
204,1036,217736,Gonahi,276
204,1036,217737,Hirmani,1213
204,1036,217738,Parsotimpur,1139
204,1036,217739,Tola Banjari,183
204,1036,217740,Semrahiya,1028
204,1036,217741,Fatuha,335
204,1036,217742,Duho Suho,354
204,1036,217743,Pakaria,1160
204,1036,217744,Chainpur,346
204,1036,217745,Kataharia,251
204,1036,217747,Jainagar,328
204,1036,217750,Dhapahar Patti Hardiya,131
204,1036,217751,Dhapahar Patti Saraiya,101
204,1036,217752,Malahi,210
204,1036,217753,Juafar,669
204,1037,0,Bankatwa,20227
204,1037,0,Bankatwa,20227
204,1037,217754,Bijbani,5847
204,1037,217755,Jhanjhara,1255
204,1037,217756,Barhawa,394
204,1037,217757,Bankatwa,843
204,1037,217758,Balua Tola Dhanukhi,200
204,1037,217759,Dhanukhi,300
204,1037,217760,Jolahgawan,417
204,1037,217761,Sundarpur,205
204,1037,217763,Pipra,240
204,1037,217764,Jitpur,611
204,1037,217765,Siripur,224
204,1037,217768,Bela,316
204,1037,217769,KudarKat,366
204,1037,217770,Semri,811
204,1037,217771,Nimuia,4280
204,1037,217772,Pakariya,852
204,1037,217773,Majirwa,544
204,1037,217774,Jagirha Kamraula,434
204,1037,217775,Indarwa Phulwar,1099
204,1037,217776,Mathia Bhopat,989
204,1038,0,Ghorasahan,30396
204,1038,0,Ghorasahan,30396
204,1038,217777,Jharokhar,1675
204,1038,217778,Barwa Khurd,711
204,1038,217779,Amwa,1009
204,1038,217780,Bishunpur,822
204,1038,217782,Bhagwanpur Kotwa,1239
204,1038,217783,Ghorasahan urf  Kotwa,2712
204,1038,217784,Siripur urf Bhagwanpur,1545
204,1038,217785,Jamunia Kawaia,1954
204,1038,217786,Basantpur,774
204,1038,217787,Samanpur,1123
204,1038,217788,Khurahia,1312
204,1038,217789,Purnahia,1548
204,1038,217790,Kadamwa,1561
204,1038,217791,Rajwara,736
204,1038,217792,Bijai,1497
204,1038,217793,Barwa Kalan,831
204,1038,217794,Bakuliya,606
204,1038,217795,Ghughua,398
204,1038,217797,Champapur Sapaha,589
204,1038,217798,Champapur Koiriya,320
204,1038,217799,Bagahi Bhelwa,1612
204,1038,217800,Mohuahi Marshudabad,723
204,1038,217801,Nonaura,1091
204,1038,217802,Gurmia,1113
204,1038,217803,Laukhan,2361
204,1038,217804,Singhrahiya,534
204,1039,0,Dhaka,63681
204,1039,0,Dhaka,56410
204,1039,0,Dhaka,7271
204,1039,217805,Bikrampur,600
204,1039,217806,Tola Ramji Dube,827
204,1039,217807,Gahai,796
204,1039,217808,Bisambharpur,730
204,1039,217809,Karsahia,1919
204,1039,217810,Masaurha,714
204,1039,217811,Hasanpur,1231
204,1039,217812,Kharhua Chainpur,1636
204,1039,217813,Chand Mohan,739
204,1039,217814,Gawandari,1041
204,1039,217815,Hardiya,580
204,1039,217816,Sisahni,621
204,1039,217817,Jatwaliya,818
204,1039,217818,Gurganwan,337
204,1039,217819,Kharhui Bara Farid,566
204,1039,217820,Tilahra Kalan,1846
204,1039,217821,Barharwa,989
204,1039,217822,Telhara Khurd,199
204,1039,217823,Dostiya,858
204,1039,217824,Gurhanwa,738
204,1039,217825,Bhawanipur,457
204,1039,217826,Balua Tola Goapari,1359
204,1039,217827,Mahuawa Dostiya,610
204,1039,217828,Phulwariya,1340
204,1039,217829,Chandan Bara,1711
204,1039,217830,Barwa,1014
204,1039,217831,Kusmahwa,969
204,1039,217832,Karmawa,968
204,1039,217833,Saratha,841
204,1039,217834,Haruhani,585
204,1039,217835,Parri,997
204,1039,217836,Jamua,1543
204,1039,217837,Gamhariya,388
204,1039,217838,Parsa,876
204,1039,217839,Bahlolpur,1027
204,1039,217840,Bhagwanpur,987
204,1039,217841,Bakhri Khajuri,725
204,1039,217842,Jadopur Bakhri,758
204,1039,217843,Jadopur Nankar,271
204,1039,217844,Narkatiya,1369
204,1039,217845,Barharwa Siwan,1233
204,1039,217846,Raksa,969
204,1039,217847,Jhauwa Ram,933
204,1039,217848,Turkauliya,479
204,1039,217849,Sham Bakhri,297
204,1039,217850,Karmohna,236
204,1039,217851,Barharwa Lakhansen,2427
204,1039,217852,Chandrahia,259
204,1039,217853,Dalpat Bishunpur,566
204,1039,217854,Siswa Mangat,506
204,1039,217855,Sorpaniya,647
204,1039,217856,Mathia Mohan,490
204,1039,217857,Malkauniya,790
204,1039,217858,Garahia,664
204,1039,217859,Pach Pakri,2352
204,1039,217860,Rupauligopi,301
204,1039,217861,Rupaulia Khurd,468
204,1039,217862,Bhandar,3763
204,1039,217863,Jhitkkahi,1333
204,1039,217864,Basahia,521
204,1039,217865,Kharihaniya,596
204,1039,801284,Dhaka (NP),7271
204,1039,801284,Dhaka (NP) WARD NO.-0001,173
204,1039,801284,Dhaka (NP) WARD NO.-0002,426
204,1039,801284,Dhaka (NP) WARD NO.-0003,476
204,1039,801284,Dhaka (NP) WARD NO.-0004,261
204,1039,801284,Dhaka (NP) WARD NO.-0005,493
204,1039,801284,Dhaka (NP) WARD NO.-0006,398
204,1039,801284,Dhaka (NP) WARD NO.-0007,192
204,1039,801284,Dhaka (NP) WARD NO.-0008,125
204,1039,801284,Dhaka (NP) WARD NO.-0009,379
204,1039,801284,Dhaka (NP) WARD NO.-0010,260
204,1039,801284,Dhaka (NP) WARD NO.-0011,423
204,1039,801284,Dhaka (NP) WARD NO.-0012,246
204,1039,801284,Dhaka (NP) WARD NO.-0013,748
204,1039,801284,Dhaka (NP) WARD NO.-0014,510
204,1039,801284,Dhaka (NP) WARD NO.-0015,328
204,1039,801284,Dhaka (NP) WARD NO.-0016,513
204,1039,801284,Dhaka (NP) WARD NO.-0017,382
204,1039,801284,Dhaka (NP) WARD NO.-0018,436
204,1039,801284,Dhaka (NP) WARD NO.-0019,137
204,1039,801284,Dhaka (NP) WARD NO.-0020,365
204,1040,0,Chiraia,57311
204,1040,0,Chiraia,57311
204,1040,217868,Khorha,1086
204,1040,217869,Mahuawa,3775
204,1040,217870,Madhopur,2053
204,1040,217871,Rampur,4307
204,1040,217872,Lachhmipur,333
204,1040,217873,Bara Jairam,2697
204,1040,217874,Jaipal Tola,314
204,1040,217875,Dipahi Dharharwa,1881
204,1040,217876,Bhaluahi,761
204,1040,217877,Sital Patti,947
204,1040,217878,Rupahra,1318
204,1040,217879,Harbolwa,793
204,1040,217880,Raghopur,802
204,1040,217881,Partapur,327
204,1040,217882,Madhubani,1358
204,1040,217883,Bela,496
204,1040,217884,Mirpur,3172
204,1040,217885,Katkuian,997
204,1040,217886,Misrauliya,1148
204,1040,217887,Baijnathpur,954
204,1040,217888,Sundarpur Babhnauli,874
204,1040,217889,Dih Mahuahi,124
204,1040,217890,Sharaun Garh,1269
204,1040,217891,Sopgarha,775
204,1040,217892,Khartari,8183
204,1040,217893,Koilasi,749
204,1040,217894,Pakri Kapur,1792
204,1040,217895,Semra,3057
204,1040,217896,Haraj Nurullahpur,3319
204,1040,217897,Harihara,935
204,1040,217898,Parewa,1088
204,1040,217899,Pareo,764
204,1040,217900,Masaha,610
204,1040,217901,Sirauna,1987
204,1040,217902,Rupahri,387
204,1040,217903,Baluahi,188
204,1040,217904,Bataua,561
204,1040,217905,Kohbarwa,220
204,1040,217906,Harnaraina,834
204,1041,0,Motihari,68608
204,1041,0,Motihari,46384
204,1041,0,Motihari,22224
204,1041,217907,Jhit Kahiya,1972
204,1041,217908,Loknathpur,528
204,1041,217910,Suraha,478
204,1041,217913,Nandpur,207
204,1041,217914,Jamla,306
204,1041,217915,Malkaunia,134
204,1041,217916,Sihulia,231
204,1041,217917,Harkaina,259
204,1041,217918,Kataha,1899
204,1041,217919,Lakhaura,3200
204,1041,217921,Gangia Dih,143
204,1041,217922,Naurangia,727
204,1041,217923,Basbita,271
204,1041,217924,Gamhariya,198
204,1041,217925,Lachhmipur,443
204,1041,217926,Barwa,1048
204,1041,217927,Sarsaula,583
204,1041,217928,Dostia,481
204,1041,217929,Jhitkahiya,578
204,1041,217930,Karmaula,145
204,1041,217931,Gulariya,382
204,1041,217932,Semra,216
204,1041,217933,Ramgarhwa,871
204,1041,217934,Ray Singha,255
204,1041,217935,Garahia,115
204,1041,217936,Paterhwa,113
204,1041,217939,Chhatauni Ram singh,683
204,1041,217941,Santpur,179
204,1041,217942,Tharghatwa,629
204,1041,217943,Haraj Tola Lachhmipur,678
204,1041,217944,Bharaulia,174
204,1041,217945,Patparia Moran,339
204,1041,217946,Patparia Hal,533
204,1041,217947,Basantpur,570
204,1041,217948,Basantpur Tola Babu,135
204,1041,217949,Basantpur Tola Banra,158
204,1041,217950,Rup Dih,576
204,1041,217951,Barkurwa,212
204,1041,217952,Said Nagar,201
204,1041,217953,Harian Chhapra,318
204,1041,217954,Loksa,122
204,1041,217955,Dharmuhan,489
204,1041,217956,Bairia,430
204,1041,217957,Chararhiya,865
204,1041,217958,Bankat,764
204,1041,217959,Bariyarpur,2268
204,1041,217960,Baswaria,1058
204,1041,217961,Pataura Tola Lala,1150
204,1041,217962,Pataurra Tola Mathia,610
204,1041,217963,Pataura Tola Gorhwa,1082
204,1041,217965,Basmahpur Agarwa,318
204,1041,217966,Basmanpur,1666
204,1041,217967,Sirsa Khap,781
204,1041,217968,Sirsamal,1160
204,1041,217969,Rulahi,1408
204,1041,217973,Dhekaha                                                 (Part in Pipra Kothi)  * *,4423
204,1041,217974,Tikuliya,1002
204,1041,217975,Harajpur,949
204,1041,217976,Madhubani,2538
204,1041,217978,Bardaha,881
204,1041,217979,Chhatauni Amar (Part),612
204,1041,217980,Pataura Tola Bhataha,284
204,1041,801285,Motihari (Nagar Parishad),22224
204,1041,801285,Motihari (Nagar Parishad) WARD NO.-0001,343
204,1041,801285,Motihari (Nagar Parishad) WARD NO.-0002,674
204,1041,801285,Motihari (Nagar Parishad) WARD NO.-0003,601
204,1041,801285,Motihari (Nagar Parishad) WARD NO.-0004,759
204,1041,801285,Motihari (Nagar Parishad) WARD NO.-0005,389
204,1041,801285,Motihari (Nagar Parishad) WARD NO.-0006,357
204,1041,801285,Motihari (Nagar Parishad) WARD NO.-0007,522
204,1041,801285,Motihari (Nagar Parishad) WARD NO.-0008,430
204,1041,801285,Motihari (Nagar Parishad) WARD NO.-0009,226
204,1041,801285,Motihari (Nagar Parishad) WARD NO.-0010,783
204,1041,801285,Motihari (Nagar Parishad) WARD NO.-0011,472
204,1041,801285,Motihari (Nagar Parishad) WARD NO.-0012,732
204,1041,801285,Motihari (Nagar Parishad) WARD NO.-0013,491
204,1041,801285,Motihari (Nagar Parishad) WARD NO.-0014,958
204,1041,801285,Motihari (Nagar Parishad) WARD NO.-0015,546
204,1041,801285,Motihari (Nagar Parishad) WARD NO.-0016,388
204,1041,801285,Motihari (Nagar Parishad) WARD NO.-0017,666
204,1041,801285,Motihari (Nagar Parishad) WARD NO.-0018,934
204,1041,801285,Motihari (Nagar Parishad) WARD NO.-0019,531
204,1041,801285,Motihari (Nagar Parishad) WARD NO.-0020,346
204,1041,801285,Motihari (Nagar Parishad) WARD NO.-0021,550
204,1041,801285,Motihari (Nagar Parishad) WARD NO.-0022,603
204,1041,801285,Motihari (Nagar Parishad) WARD NO.-0023,641
204,1041,801285,Motihari (Nagar Parishad) WARD NO.-0024,320
204,1041,801285,Motihari (Nagar Parishad) WARD NO.-0025,558
204,1041,801285,Motihari (Nagar Parishad) WARD NO.-0026,915
204,1041,801285,Motihari (Nagar Parishad) WARD NO.-0027,854
204,1041,801285,Motihari (Nagar Parishad) WARD NO.-0028,478
204,1041,801285,Motihari (Nagar Parishad) WARD NO.-0029,570
204,1041,801285,Motihari (Nagar Parishad) WARD NO.-0030,729
204,1041,801285,Motihari (Nagar Parishad) WARD NO.-0031,959
204,1041,801285,Motihari (Nagar Parishad) WARD NO.-0032,772
204,1041,801285,Motihari (Nagar Parishad) WARD NO.-0033,347
204,1041,801285,Motihari (Nagar Parishad) WARD NO.-0034,442
204,1041,801285,Motihari (Nagar Parishad) WARD NO.-0035,390
204,1041,801285,Motihari (Nagar Parishad) WARD NO.-0036,400
204,1041,801285,Motihari (Nagar Parishad) WARD NO.-0037,766
204,1041,801285,Motihari (Nagar Parishad) WARD NO.-0038,782
204,1042,0,Turkaulia,36654
204,1042,0,Turkaulia,36654
204,1042,217981,Belwa Ray Tola Narirawa,977
204,1042,217982,Belwa Ray Tola Bairagi,921
204,1042,217983,Belwa Ray Khas,964
204,1042,217984,Majharia,390
204,1042,217985,Khagni,315
204,1042,217986,Babhnaulia,234
204,1042,217987,Sapahi,2124
204,1042,217988,Bijulpur,985
204,1042,217989,Mathwa,202
204,1042,217990,Tikulia,442
204,1042,217991,Chainpur,384
204,1042,217992,Chitranw,774
204,1042,217993,Jaisinghpur,5036
204,1042,217994,Bahrupia,557
204,1042,217995,Barharwa,659
204,1042,217996,Parasrampur,745
204,1042,217997,Rampur Chargaha,255
204,1042,217998,Mohabat Chhapra,672
204,1042,217999,Chargaha,1083
204,1042,218000,Amwa,435
204,1042,218002,Jolah ganwa,177
204,1042,218003,Kushar,323
204,1042,218004,Madhumalat,504
204,1042,218005,Madhopur,1343
204,1042,218006,Sankar Saraiya,3154
204,1042,218007,Turkauliya,6118
204,1042,218008,Belahi,228
204,1042,218009,Raghunathpur,2391
204,1042,218010,Birt Lachhmipur,159
204,1042,218011,Lachhmipur,975
204,1042,218012,Parsauna,268
204,1042,218013,Hardia,2051
204,1042,218014,Mathurapur,809
204,1043,0,Harsidhi,41245
204,1043,0,Harsidhi,41245
204,1043,218015,Jagdishpur,270
204,1043,218016,Kiritpur,464
204,1043,218017,Kiritpur Tola Inglish,353
204,1043,218018,Gaddupur,395
204,1043,218019,Madhopur,167
204,1043,218020,KiritpurTola Mathia Bandopasti,223
204,1043,218021,Charrahiya,612
204,1043,218022,Khori Pakar,390
204,1043,218023,Sewraha,650
204,1043,218024,Gobindpur,757
204,1043,218025,Laukariya,465
204,1043,218026,Ghiuadhar,1135
204,1043,218027,Bagaha,142
204,1043,218028,Goythaha,496
204,1043,218029,Parariya,307
204,1043,218030,Jadopur,1463
204,1043,218031,Dudhahi,1240
204,1043,218032,Kanchhedwa,1046
204,1043,218033,Pakariya Harsidhi,2656
204,1043,218034,Dhankharaiya,457
204,1043,218035,Ranjita,880
204,1043,218036,Kubeya,485
204,1043,218037,Panapur,991
204,1043,218038,Jogiya,305
204,1043,218039,Bairiyadih,1834
204,1043,218040,Dhawahi,1366
204,1043,218041,Sonbarsa,1452
204,1043,218042,Babhan Dhabahi,187
204,1043,218043,Lohiyar Ujain,2305
204,1043,218044,Math Lohiyar,2997
204,1043,218045,Arazi Nankar,280
204,1043,218046,Arazi Inglish,314
204,1043,218047,Matiaria Nizamat,794
204,1043,218048,Sareya,534
204,1043,218049,Hasuwaha,408
204,1043,218050,Jaga Pakar,1190
204,1043,218051,Ram Nagar,280
204,1043,218052,Bishunpur Nankar,620
204,1043,218053,Pathan Patti,514
204,1043,218054,Lachhumanwa,172
204,1043,218055,Pipra,111
204,1043,218056,Sareya,414
204,1043,218057,Manikpur,835
204,1043,218058,Rupdih,325
204,1043,218059,Ram Nagar,467
204,1043,218060,Banra Harpur,325
204,1043,218061,Gay Ghat,429
204,1043,218062,Auraiya,295
204,1043,218063,Sariswa,441
204,1043,218064,Murarpur,1102
204,1043,218065,Harpur Ray,504
204,1043,218066,Danhi,158
204,1043,218067,Rampurwa,312
204,1043,218068,Rani Chhapra,479
204,1043,218069,Ahir Ganwa,296
204,1043,218070,Misir Tola,201
204,1043,218071,Mahtha Tola,604
204,1043,218072,Wolha,734
204,1043,218073,Bhada,767
204,1043,218074,Jharwa,478
204,1043,218075,Damo Birti,372
204,1044,0,Paharpur,33552
204,1044,0,Paharpur,33552
204,1044,218076,Noniya,2861
204,1044,218077,Raghunathpur,329
204,1044,218078,Panditpururf Bandarhelwa,292
204,1044,218079,Laguniya,498
204,1044,218080,Mankarariya,990
204,1044,218081,Laukaha,698
204,1044,218082,Indarwabhar,1283
204,1044,218083,Bankat,566
204,1044,218084,Bishunpur Matiarwa,522
204,1044,218085,Birti Tola,272
204,1044,218086,Sarea Khas,4334
204,1044,218087,Sarea Tola Senuar,148
204,1044,218088,Manguraha,164
204,1044,218089,Dudhiawa,327
204,1044,218090,Ekderwa,284
204,1044,218091,Ahiraulia Sonwal,182
204,1044,218092,Ahiraulia urf sonwalwakesarea,365
204,1044,218093,Sarea Tola Mathiya,175
204,1044,218094,Khairwa chaube,206
204,1044,218095,Khairwa,223
204,1044,218096,Wake Rakba Majhariya,162
204,1044,218097,Sarhangi Chhap,255
204,1044,218098,Sarea urf Lachhirma Birt Tola,208
204,1044,218100,Tok Bharwaliya,170
204,1044,218101,Bharwaliya,286
204,1044,218102,Majhariya,987
204,1044,218103,TejPurwa,1102
204,1044,218104,Sonwal,1085
204,1044,218105,Barkurwa,387
204,1044,218106,Lakhmipur,458
204,1044,218107,Paharpur,548
204,1044,218109,Inglish,294
204,1044,218110,Nauwa  Dih,1359
204,1044,218111,Amwa,289
204,1044,218112,Amwa Nizamat,155
204,1044,218113,Parsauni,478
204,1044,218114,Khairwa,327
204,1044,218115,Arazi Tikuliya,160
204,1044,218116,Tikuliya,342
204,1044,218117,Bawariya,163
204,1044,218118,Bhanja Chhapra,270
204,1044,218119,Bhanja Chhapra,144
204,1044,218120,Kamal Pipra,666
204,1044,218121,Batraulia,415
204,1044,218122,Ganga Pipra,561
204,1044,218123,Gobardhanpur,161
204,1044,218124,Kotwa,811
204,1044,218125,Nirpur,128
204,1044,218126,Bankatwa,500
204,1044,218127,Ray Karariya,436
204,1044,218128,Naya Ganw,510
204,1044,218129,Ibrahimpur,517
204,1044,218130,Baluwa,1590
204,1044,218131,BaluwaBirt,176
204,1044,218132,Siswa,2733
204,1045,0,Areraj,28019
204,1045,0,Areraj,23787
204,1045,0,Areraj,4232
204,1045,218133,Chatia,3267
204,1045,218134,Mamarkha Tola Bhaiya,905
204,1045,218135,Mamarkha,1189
204,1045,218136,Gunjrauliya,855
204,1045,218137,Khajuriya,415
204,1045,218138,Kamaluwa,307
204,1045,218139,Damodarpur,414
204,1045,218140,Siswa,216
204,1045,218141,Horil Chhapra,149
204,1045,218142,Purandarpur,414
204,1045,218143,Sirni,277
204,1045,218144,Belhi,695
204,1045,218145,Nagdaha,723
204,1045,218146,Misrauliya,456
204,1045,218147,Bathna,149
204,1045,218148,Loknathpur,299
204,1045,218150,Sakhwa,202
204,1045,218151,Sarean,1315
204,1045,218153,Pipra,1054
204,1045,218154,Tikuliya,176
204,1045,218155,Parsa,122
204,1045,218156,Babhnauli,595
204,1045,218157,Rampur Chhapkahiya,544
204,1045,218158,Kauwaha,327
204,1045,218159,Manguraha,575
204,1045,218160,Rarhiya,1229
204,1045,218161,Rajepur,311
204,1045,218163,Lauriya,319
204,1045,218164,Jhakhra,379
204,1045,218165,Salha,246
204,1045,218166,Kohbawra,221
204,1045,218167,Gurha,140
204,1045,218169,Bhelanari,260
204,1045,218170,Jitwarpur,515
204,1045,218172,Nawada Govindganj,1943
204,1045,218173,Chandi Asthan,234
204,1045,218175,Bahadurpur,795
204,1045,218176,Munra,556
204,1045,218177,Khajuriya,608
204,1045,218178,Chandi Asthan,271
204,1045,801286,Areraj (NP),4232
204,1045,801286,Areraj (NP) WARD NO.-0001,321
204,1045,801286,Areraj (NP) WARD NO.-0002,260
204,1045,801286,Areraj (NP) WARD NO.-0003,377
204,1045,801286,Areraj (NP) WARD NO.-0004,258
204,1045,801286,Areraj (NP) WARD NO.-0005,291
204,1045,801286,Areraj (NP) WARD NO.-0006,190
204,1045,801286,Areraj (NP) WARD NO.-0007,327
204,1045,801286,Areraj (NP) WARD NO.-0008,515
204,1045,801286,Areraj (NP) WARD NO.-0009,333
204,1045,801286,Areraj (NP) WARD NO.-0010,219
204,1045,801286,Areraj (NP) WARD NO.-0011,297
204,1045,801286,Areraj (NP) WARD NO.-0012,241
204,1045,801286,Areraj (NP) WARD NO.-0013,338
204,1045,801286,Areraj (NP) WARD NO.-0014,265
204,1046,0,Sangrampur,23283
204,1046,0,Sangrampur,23283
204,1046,218179,Pachbhirwa,716
204,1046,218180,Murli,322
204,1046,218181,Murli Nizamat,153
204,1046,218182,Bariariya,2217
204,1046,218183,Sangrampur,3559
204,1046,218184,Man Tola,203
204,1046,218185,Jalaha,970
204,1046,218186,Shampur,447
204,1046,218187,Madhubani,4785
204,1046,218188,Mathia,317
204,1046,218189,Bhatauliya,1260
204,1046,218190,Nautan,418
204,1046,218191,Barwa,861
204,1046,218192,Sikandarpur,222
204,1046,218193,Chandpur,130
204,1046,218196,Bhawanipur,2786
204,1046,218197,Pakri,900
204,1046,218198,Dumariya,628
204,1046,218199,Saraiya Baduraha,648
204,1046,218201,Bishrampur Dubauliya,105
204,1046,218202,Bariariya Tola Rajpur,1341
204,1046,218203,Misir Tola,268
204,1047,0,Kesaria,34431
204,1047,0,Kesaria,31058
204,1047,0,Kesaria,3373
204,1047,218204,Sarotar,3043
204,1047,218205,Barharwa Khurd,465
204,1047,218206,Rampur Khajuriya,1501
204,1047,218207,Rampurwa,302
204,1047,218208,Sembhuapur,866
204,1047,218209,Chand Parsa,967
204,1047,218210,Bhagwatia,539
204,1047,218212,Lohar Gawan,698
204,1047,218213,Phultakiya,655
204,1047,218214,Derwa,372
204,1047,218215,Bankat,390
204,1047,218216,Bankat Mafi,172
204,1047,218217,Mathiya,760
204,1047,218218,Bathna,1002
204,1047,218219,Jagirha,241
204,1047,218220,Bijdhari Nizamat,952
204,1047,218221,Sundarpur,2863
204,1047,218222,Bijdhari Mafi,237
204,1047,218224,Paduman Chhapra,396
204,1047,218225,Manohar Chhapra,392
204,1047,218227,Ojhwaliya,177
204,1047,218229,Gonchhi,509
204,1047,218230,Tajpur Patkhauliya Tola Milki,118
204,1047,218231,Kunrwa,366
204,1047,218232,Mahammadpur,526
204,1047,218233,Kushahar,629
204,1047,218234,Naya Ganw,545
204,1047,218235,Benipur,662
204,1047,218236,Gopalpur Khap,263
204,1047,218237,Khizirpura,753
204,1047,218238,Huseni,3392
204,1047,218239,Karhan,1226
204,1047,218240,Bairiya,1474
204,1047,218241,Rampur Bairiya,110
204,1047,218242,Lala Chhapra,597
204,1047,218243,Tajpur Patkhauliya,708
204,1047,218244,Rampur Korar,692
204,1047,218245,Manjhariya,302
204,1047,218246,Dhekaha,1102
204,1047,801287,Kesaria (NP),3373
204,1047,801287,Kesaria (NP) WARD NO.-0001,497
204,1047,801287,Kesaria (NP) WARD NO.-0002,158
204,1047,801287,Kesaria (NP) WARD NO.-0003,248
204,1047,801287,Kesaria (NP) WARD NO.-0004,196
204,1047,801287,Kesaria (NP) WARD NO.-0005,422
204,1047,801287,Kesaria (NP) WARD NO.-0006,294
204,1047,801287,Kesaria (NP) WARD NO.-0007,315
204,1047,801287,Kesaria (NP) WARD NO.-0008,331
204,1047,801287,Kesaria (NP) WARD NO.-0009,335
204,1047,801287,Kesaria (NP) WARD NO.-0010,237
204,1047,801287,Kesaria (NP) WARD NO.-0011,340
204,1048,0,Kalyanpur,52691
204,1048,0,Kalyanpur,52691
204,1048,218247,Siswa Kharar,1214
204,1048,218248,Mananpur,878
204,1048,218249,Jamunapur,387
204,1048,218250,Bakhri,1318
204,1048,218251,Menaura,221
204,1048,218252,Bisambharpur,334
204,1048,218253,Dewpur Parsa,109
204,1048,218254,Arazi Dewpur Nankar,107
204,1048,218255,Katharia,468
204,1048,218257,Parsauni Bazid,556
204,1048,218258,Semra,185
204,1048,218259,Tendua,334
204,1048,218260,Gobindapur,299
204,1048,218261,Dewpur Parsa,285
204,1048,218263,Kamar Chak,211
204,1048,218264,Rajapur,129
204,1048,218265,Babuawan,112
204,1048,218266,Gariba,1300
204,1048,218268,Dharampur,166
204,1048,218269,Bakarpur,552
204,1048,218271,Bahlolpur Garbi,224
204,1048,218272,Bahlolpur Sargi,321
204,1048,218273,Kaleyanpur,2284
204,1048,218274,Mani Chhapra,687
204,1048,218275,Madhopur Gobind,459
204,1048,218277,Paltu Belwa,247
204,1048,218278,Bans Ghat,2358
204,1048,218279,Bhuan Chhapra,1549
204,1048,218280,Manse Chhapra,674
204,1048,218281,Sitalpur,2385
204,1048,218282,Madhuban,184
204,1048,218283,Dewpur,221
204,1048,218284,Bangra,354
204,1048,218285,Bakhri,336
204,1048,218286,Gaundra,2814
204,1048,218287,Minhai Gaundra,316
204,1048,218288,Sahata,240
204,1048,218289,Puran Chhapra,636
204,1048,218290,Ganga Sirsiya,454
204,1048,218291,Koir Ganwan,321
204,1048,218292,Pipra Khem,522
204,1048,218293,Bashdeo Chhapra Tola Harpur,174
204,1048,218295,Koila Belwa,1474
204,1048,218296,Birdaban,2245
204,1048,218297,Meghua,330
204,1048,218299,Siswa Sob,764
204,1048,218300,Phulwaria,346
204,1048,218301,Ahimanwan,244
204,1048,218302,Madhopur Sarup,136
204,1048,218303,Bakhri Mahesh,270
204,1048,218304,Hanuman Nagar,165
204,1048,218305,Pakri Dichhit,944
204,1048,218307,Dhurpakri,190
204,1048,218308,Basdeo Chhapra,112
204,1048,218315,Barharwa Mahanad,588
204,1048,218316,Sambhu Chak,1596
204,1048,218320,Khokhra,377
204,1048,218321,Khokhra Birit,174
204,1048,218322,Bahuara Harbans,742
204,1048,218323,Kaithawalia,334
204,1048,218324,Siswa Narsinh,109
204,1048,218326,RAjpur,1845
204,1048,218327,Gawandri,618
204,1048,218328,Khatolwa Gawandri,177
204,1048,218329,Khatolwa,310
204,1048,218330,Hajipur,443
204,1048,218331,Patna,1173
204,1048,218332,Darmaha,2147
204,1048,218334,Bishunpur Dhir,100
204,1048,218336,Ganesh Sirsiya,417
204,1048,218337,Madan Sirsiya,864
204,1048,218338,Bahuara Mani,106
204,1048,218339,Balma Sirsiya,385
204,1048,218340,Sirsiya Balmi Nankar,158
204,1048,218341,Dilawarpur,1620
204,1048,218342,Pakri Kamal,251
204,1048,218343,BishunpurRatti urf Sawaia,757
204,1048,218344,Raghu Nathpur,2057
204,1049,0,Kotwa,31325
204,1049,0,Kotwa,31325
204,1049,218345,Barwa Kanth Chhapra,182
204,1049,218346,Ratanpur,236
204,1049,218347,Bathna,435
204,1049,218348,Mathurapur Math Gopal,335
204,1049,218349,Chiuntaha,334
204,1049,218350,Kotwa,1495
204,1049,218351,Mahmada,245
204,1049,218352,Talwa,376
204,1049,218353,Talwa Pokhar,293
204,1049,218354,Dipau,639
204,1049,218355,Pokhra,829
204,1049,218356,Jasauli,2396
204,1049,218357,Betia Basant,428
204,1049,218358,Gopi Chhapra,618
204,1049,218360,Sagar Churaman,562
204,1049,218361,Belwa Madho,587
204,1049,218362,Bhopatpur,4115
204,1049,218363,Bairia,296
204,1049,218364,Saraia,188
204,1049,218365,Jagiraha,627
204,1049,218366,Jasauli Patti,1666
204,1049,218367,Bishunpur Nankar,126
204,1049,218368,Maharani Bhopat,917
204,1049,218369,Sirsia,368
204,1049,218370,Kanth Chapra,340
204,1049,218371,Pakri Asok,238
204,1049,218373,Pakri Asok,263
204,1049,218374,Arazi Sariatapur,129
204,1049,218375,Sabaiya,693
204,1049,218376,Rohua,111
204,1049,218377,Rohua Khas,244
204,1049,218378,Nawada,588
204,1049,218379,Machhar Ganwan,1031
204,1049,218380,Bankatwa,236
204,1049,218381,Karaariya Jagir,864
204,1049,218382,Barharwa Kalan,3146
204,1049,218383,Kalyanpur Birt,275
204,1049,218384,Kalyanpur Khas,325
204,1049,218386,Karariya,1189
204,1049,218387,Ahirauliya,2054
204,1049,218388,Amwa,324
204,1049,218389,Dumra,862
204,1050,0,Piprakothi,16811
204,1050,0,Piprakothi,16811
204,1050,218390,Dhekaha (Part in Motihari)  * *,3217
204,1050,218391,Tikaita,787
204,1050,218392,Salempur,646
204,1050,218393,Gobindapur,573
204,1050,218394,Babhnaulia,428
204,1050,218395,Semra,626
204,1050,218396,Mathiya Bariyarpur,619
204,1050,218397,Belwatia,477
204,1050,218398,Kishunpur,474
204,1050,218399,Jiwdhara,551
204,1050,218400,Madhu Chhapra,473
204,1050,218401,Panditpur,1153
204,1050,218402,Bir Chhapra,961
204,1050,218403,Chand Saraia,559
204,1050,218404,Majharia,644
204,1050,218405,Kazipur,113
204,1050,218406,Surujpur,1599
204,1050,218407,Panrwaliya,1435
204,1050,218408,Pipra Kothi,1020
204,1050,218409,Jhakra,456
204,1051,0,Chakia(Pipra),40438
204,1051,0,Chakia(Pipra),36820
204,1051,0,Chakia(Pipra),3618
204,1051,218410,Khairi Mal,734
204,1051,218411,Khairi Jagir,181
204,1051,218412,Jamunia,661
204,1051,218413,Chintamanpur,1566
204,1051,218414,Ramgarh,537
204,1051,218416,Kunarpur,660
204,1051,218417,Ramgarh Mahuawa,1092
204,1051,218418,Kundia,370
204,1051,218419,Mahuawa,304
204,1051,218420,Harpur,643
204,1051,218421,Bangri,569
204,1051,218422,Dumri,379
204,1051,218424,Phulwaria,156
204,1051,218426,Pasrampur,572
204,1051,218427,Hasanpur,474
204,1051,218428,Narayan Pakri,189
204,1051,218429,Sahri Jagirha,203
204,1051,218430,Sariatpur,547
204,1051,218431,Bhagwanpur,456
204,1051,218432,Math Garib,122
204,1051,218433,Ram Karan Pakri,559
204,1051,218434,Dhobauliya,408
204,1051,218435,Daya Chhapra,138
204,1051,218436,Uchi Dih,245
204,1051,218437,Lokai Balwa,133
204,1051,218440,Maharani,314
204,1051,218441,Madhurapur,852
204,1051,218442,Sohanpur,227
204,1051,218443,Sagar,1202
204,1051,218444,Parsauni Kisun,236
204,1051,218445,Madhuban,134
204,1051,218446,Sirsia,405
204,1051,218447,Hardiyabad,452
204,1051,218448,Jahingara,243
204,1051,218449,Madhuban Bediban,1595
204,1051,218450,Sita Kund,277
204,1051,218451,Chintamanpur Bagwa,190
204,1051,218452,Tikuliya,610
204,1051,218453,Amwa,315
204,1051,218454,Bhirkhia,906
204,1051,218455,Chaknia,555
204,1051,218456,Pipra,709
204,1051,218457,Damodarpur,331
204,1051,218458,Bishunpura,993
204,1051,218459,Kunria,688
204,1051,218460,Mahuawa,912
204,1051,218461,Koir Gawan,472
204,1051,218462,Bairiya,608
204,1051,218463,Balwa,605
204,1051,218464,Madhuchhapra,166
204,1051,218465,Ghansham Pakri,412
204,1051,218466,Narhar Pakri,297
204,1051,218469,Chak Bara Tola Birta,129
204,1051,218470,Bharthuiya,403
204,1051,218471,Chak Bara,660
204,1051,218476,Parsauni Khem,580
204,1051,218477,Semra,354
204,1051,218478,Baramdia,1912
204,1051,218479,Ballo Chak,457
204,1051,218480,Baisaha,972
204,1051,218481,Bara Gobind,800
204,1051,218482,Chakia,1480
204,1051,218483,Tarniya Halim Nagar,382
204,1051,218484,Kunawa,1102
204,1051,218485,Ghanghti,117
204,1051,218486,Laukaha,141
204,1051,218487,Parari Harnath,222
204,1051,801288,Chakia (NP),3618
204,1051,801288,Chakia (NP) WARD NO.-0001,325
204,1051,801288,Chakia (NP) WARD NO.-0002,304
204,1051,801288,Chakia (NP) WARD NO.-0003,230
204,1051,801288,Chakia (NP) WARD NO.-0004,202
204,1051,801288,Chakia (NP) WARD NO.-0005,292
204,1051,801288,Chakia (NP) WARD NO.-0006,390
204,1051,801288,Chakia (NP) WARD NO.-0007,313
204,1051,801288,Chakia (NP) WARD NO.-0008,260
204,1051,801288,Chakia (NP) WARD NO.-0009,244
204,1051,801288,Chakia (NP) WARD NO.-0010,306
204,1051,801288,Chakia (NP) WARD NO.-0011,389
204,1051,801288,Chakia (NP) WARD NO.-0012,363
204,1052,0,Pakri Dayal,29805
204,1052,0,Pakri Dayal,23893
204,1052,0,Pakri Dayal,5912
204,1052,218488,Barka Ganw,2525
204,1052,218489,Mathia,336
204,1052,218490,Itwa,586
204,1052,218491,Siraha,3839
204,1052,218492,Chorma,2638
204,1052,218493,Tharbhitiya,646
204,1052,218495,Rajepur Nawada,1884
204,1052,218496,Ramban,410
204,1052,218497,Shiupur Kundal,225
204,1052,218498,Chaita,1309
204,1052,218499,Chhapra Bhikhari,732
204,1052,218500,Banar Jhula,471
204,1052,218501,Sisahni,2099
204,1052,218502,Ajgari,390
204,1052,218503,Ajgarwa,930
204,1052,218504,Dhanauji,1844
204,1052,218505,Harnatha,1587
204,1052,218506,Shekhpurwa,617
204,1052,218507,Babhantoli,177
204,1052,218508,Majhaulia,648
204,1052,801289,Pakri Dayal (NP),5912
204,1052,801289,Pakri Dayal (NP) WARD NO.-0001,428
204,1052,801289,Pakri Dayal (NP) WARD NO.-0002,401
204,1052,801289,Pakri Dayal (NP) WARD NO.-0003,277
204,1052,801289,Pakri Dayal (NP) WARD NO.-0004,351
204,1052,801289,Pakri Dayal (NP) WARD NO.-0005,241
204,1052,801289,Pakri Dayal (NP) WARD NO.-0006,496
204,1052,801289,Pakri Dayal (NP) WARD NO.-0007,321
204,1052,801289,Pakri Dayal (NP) WARD NO.-0008,319
204,1052,801289,Pakri Dayal (NP) WARD NO.-0009,553
204,1052,801289,Pakri Dayal (NP) WARD NO.-0010,324
204,1052,801289,Pakri Dayal (NP) WARD NO.-0011,486
204,1052,801289,Pakri Dayal (NP) WARD NO.-0012,453
204,1052,801289,Pakri Dayal (NP) WARD NO.-0013,433
204,1052,801289,Pakri Dayal (NP) WARD NO.-0014,467
204,1052,801289,Pakri Dayal (NP) WARD NO.-0015,362
204,1053,0,Patahi,37883
204,1053,0,Patahi,37883
204,1053,218509,Dumri Baiju,395
204,1053,218510,Mahamada Woli,976
204,1053,218511,Saraia Gopal,2130
204,1053,218512,Bara Shankar,2463
204,1053,218513,Non Pharwa,928
204,1053,218514,Birta Tola,192
204,1053,218515,Ratan Sagar,467
204,1053,218516,Padumrier,1865
204,1053,218517,Mohammadpur,757
204,1053,218518,Khori Pakar,449
204,1053,218519,Lahsania,816
204,1053,218520,Dewapur,1093
204,1053,218521,Alisherpur,231
204,1053,218522,Narayanpur,618
204,1053,218523,Jihuli,2026
204,1053,218524,Gujraul,416
204,1053,218525,Gonahi,893
204,1053,218526,Gamhariya,846
204,1053,218527,Betauna,1097
204,1053,218528,Bakhri,1587
204,1053,218529,Champapur,1160
204,1053,218530,Balua urf Dumri Gobind,343
204,1053,218531,Patahi Jadu,2299
204,1053,218532,Balua Zulfaqarabad,855
204,1053,218533,Bela Baiju,1509
204,1053,218534,Bokane Kalan,3275
204,1053,218535,Parsauni Kapur,1487
204,1053,218536,Rampur Manorath,737
204,1053,218537,Belahi Ram,938
204,1053,218538,Mirzapur,580
204,1053,218539,Bhit Gharwa,738
204,1053,218540,Khutauna,573
204,1053,218541,Suga Pipar,978
204,1053,218542,Chainpur,168
204,1053,218543,Mujia,508
204,1053,218544,Kodariya Hetim,1096
204,1053,218545,Bokane Khurd,394
204,1054,0,Phenhara,15376
204,1054,0,Phenhara,15376
204,1054,218546,Ratanwa,252
204,1054,218547,Madhubani,759
204,1054,218548,Kalu Pakar,927
204,1054,218549,Mankerwa,682
204,1054,218550,Rajpur Kawal tola Birta,229
204,1054,218551,Rajpur kawal Nankar,166
204,1054,218552,Rajpur Kawalmal urf Marpa,377
204,1054,218553,Bishunpur Mohan urf Marpa,453
204,1054,218554,Dewkuliya,422
204,1054,218555,Pipra Karimdad,340
204,1054,218556,Gobind Bara,875
204,1054,218557,Anjor Bara,770
204,1054,218558,Gaibandhi,715
204,1054,218559,Phenhara,1626
204,1054,218560,Ibrahimpur Parsauni,965
204,1054,218561,Chak Nasiba,151
204,1054,218562,Parasrampur,729
204,1054,218563,Rupaulia Khani,1136
204,1054,218564,Phulwariya,393
204,1054,218565,Bishunpur Basant,612
204,1054,218566,Chakarpeta,699
204,1054,218567,Kumhrar,263
204,1054,218568,Kodaria Abhi,349
204,1054,218569,Madhurapur,613
204,1054,218570,Madhurapur,134
204,1054,218571,Khan Pipra,739
204,1055,0,Madhuban,31675
204,1055,0,Madhuban,28346
204,1055,0,Madhuban,3329
204,1055,218572,Jitaura,1342
204,1055,218573,Dulhuma,1664
204,1055,218574,Jogaulia Tola Kasba,143
204,1055,218575,Jogaulia Tola Bhelwa,701
204,1055,218576,Jogaulia Tola Chainpur,318
204,1055,218577,Jogaulia Tola Ranipur,121
204,1055,218578,Mogalaniya,208
204,1055,218579,Toladih,243
204,1055,218580,Naurangia,825
204,1055,218581,Jogaulia Tola Madhopur,626
204,1055,218583,Jogaulia Tola  Palat,390
204,1055,218584,Jogaulia Tola Pakariya,356
204,1055,218585,Jogaulia Tola Rupni,517
204,1055,218586,Jogaulia Tola Gulab Khan,490
204,1055,218587,Jogaulia Tola Gurmhia,354
204,1055,218588,Jogaulia Tola Kharsal,251
204,1055,218590,Jogaulia Tola Inarwa,187
204,1055,218591,Jogaulia Tola Nandiram Chhapra,344
204,1055,218594,Manpurwa,640
204,1055,218595,Bhagwanpur,197
204,1055,218596,Jogaulia Tola Damaghat,231
204,1055,218597,Chaube Tola Matalike Jogaulia,213
204,1055,218599,Bara Gobind Tola Sawangiya,1234
204,1055,218600,Talimpur,745
204,1055,218601,Banki Tikam,548
204,1055,218602,Hardiya,539
204,1055,218603,Kishunkara,1931
204,1055,218604,Dubaha Dostia,250
204,1055,218605,Bara Magru,410
204,1055,218607,Kauria,1487
204,1055,218608,Kajarhan,892
204,1055,218609,Delho,456
204,1055,218610,Bajidpur,980
204,1055,218611,Punar Murgai Chak,614
204,1055,218612,Madhuban Tola Saraia,186
204,1055,218613,Madhuban Tola Gangapur,125
204,1055,218614,Madhuhan Tola Bhairwa,434
204,1055,218615,Loharganwa,360
204,1055,218616,Madhuban Tola Semra,320
204,1055,218617,Madhuban Tola Dihu,441
204,1055,218618,Maripur Milik,345
204,1055,218619,Koilhara,382
204,1055,218621,Maripur Mal,815
204,1055,218622,Khodadpur,484
204,1055,218623,Harnarayanpur,629
204,1055,218624,Madhuban Tola Koilhara,851
204,1055,218625,Chak Chauhani,522
204,1055,218626,Bahuara,772
204,1055,218627,Garahia,1009
204,1055,801290,Madhuban (NP),3329
204,1055,801290,Madhuban (NP) WARD NO.-0001,239
204,1055,801290,Madhuban (NP) WARD NO.-0002,453
204,1055,801290,Madhuban (NP) WARD NO.-0003,354
204,1055,801290,Madhuban (NP) WARD NO.-0004,408
204,1055,801290,Madhuban (NP) WARD NO.-0005,380
204,1055,801290,Madhuban (NP) WARD NO.-0006,375
204,1055,801290,Madhuban (NP) WARD NO.-0007,324
204,1055,801290,Madhuban (NP) WARD NO.-0008,221
204,1055,801290,Madhuban (NP) WARD NO.-0009,127
204,1055,801290,Madhuban (NP) WARD NO.-0010,211
204,1055,801290,Madhuban (NP) WARD NO.-0011,237
204,1056,0,Tetaria,20348
204,1056,0,Tetaria,20348
204,1056,218628,Dhobwalia,582
204,1056,218629,Bishunpur Dewajit,161
204,1056,218630,Fazilpur,559
204,1056,218632,Rohua Man,184
204,1056,218634,Molnapur Madhopur,189
204,1056,218635,Madhopur Hari,119
204,1056,218637,Maniarpur,460
204,1056,218638,Bahura RamNarayan Singh,138
204,1056,218640,Semraha,705
204,1056,218641,Sobhitapur,178
204,1056,218643,Khairwa,133
204,1056,218644,Kadma,735
204,1056,218645,Balbhadarpur,952
204,1056,218646,Narha Nankar,113
204,1056,218647,Narha Panapur,1359
204,1056,218648,Saraiya,377
204,1056,218649,Meghua,416
204,1056,218650,Sagahri,360
204,1056,218652,Chheni Chhapra,171
204,1056,218653,Bal Bhadarpur Nankar,118
204,1056,218654,Ujhilpur,250
204,1056,218656,Nakardewa,485
204,1056,218657,Sonaul,189
204,1056,218658,Bahuara Gopi Sinh,697
204,1056,218659,Madhuaha Birit,1336
204,1056,218660,Mohammadpur Sagar,524
204,1056,218661,Madhuaha Mal,700
204,1056,218662,Tetaria,1187
204,1056,218663,Bishambharpur urf Gheghwa,857
204,1056,218664,Manikpur,250
204,1056,218665,Chak Chauhani,736
204,1056,218666,Sirauli,789
204,1056,218667,Bhagwanpur,402
204,1056,218668,Kothia,977
204,1056,218669,Punas,466
204,1056,218670,Lahladpur,803
204,1056,218671,Pipra,170
204,1056,218672,Tajpur,961
204,1056,218673,Majhuar,148
204,1057,0,Mehsi,33432
204,1057,0,Mehsi,28540
204,1057,0,Mehsi,4892
204,1057,218674, Rajepur,1041
204,1057,218675,Ibrahimppur,142
204,1057,218677,Ojhilpur,285
204,1057,218679,Rangrez Chhapra,306
204,1057,218680,Saraiya Banwari,282
204,1057,218681,Harpurnag,654
204,1057,218683,Damodarpur,367
204,1057,218684,Sulsabad,344
204,1057,218685,Bishambharpur Pahari,392
204,1057,218686,Partapur,432
204,1057,218687,Majhauliya,237
204,1057,218688,Chauriya,169
204,1057,218690,Dagraha,262
204,1057,218691,Mahammadpur Malik,199
204,1057,218693,Mahuabad,211
204,1057,218694,Mahamda,529
204,1057,218695,Chak Mashruf urf Mahamada,151
204,1057,218698,Dharhgawan,297
204,1057,218699,Mojahida,146
204,1057,218702,Chak Abdul Ghani,115
204,1057,218704,Barharwa,155
204,1057,218706,Main Mehsi,411
204,1057,218708,Bahadurpur,263
204,1057,218710,Bathna,533
204,1057,218711,Parsauni Dewajit,586
204,1057,218712,Dewajitpur,256
204,1057,218713,Rajua Bakhri,354
204,1057,218714,Bakhri Nazir,890
204,1057,218716,Chak Saiyad Mahmud,107
204,1057,218717,Chak Fatehullah,172
204,1057,218719,Chak Lahuran,157
204,1057,218720,Chintamanpur,412
204,1057,218721,Katha,1580
204,1057,218723,Bhimalpur,773
204,1057,218725,Mithanpura,185
204,1057,218726,Mithanpur Nand Lal,142
204,1057,218727,Tajpur Bara,413
204,1057,218728,Chak Nagri,398
204,1057,218729,Madhopur Phulwaria,329
204,1057,218731,Madhopur Kesho,126
204,1057,218733,Madhopur Kesho,142
204,1057,218735,Sahbajia,213
204,1057,218736,Dhothra,190
204,1057,218737,Bishunpur Bara,281
204,1057,218738,Rani Patti,319
204,1057,218739,Mathia,172
204,1057,218740,Bhualidih,445
204,1057,218741,Sidhwalia,580
204,1057,218742,Semra,242
204,1057,218743,Kothia Hariram,1749
204,1057,218744,Mohammadpur Majhaulia,945
204,1057,218745,Salemppur,613
204,1057,218746,Bulaki Tola,292
204,1057,218747,Manu Chak,242
204,1057,218748,Bala Tola,108
204,1057,218749,Bhagwatia,230
204,1057,218750,Ahibaran Chhapra,303
204,1057,218751,Jhitkahia,923
204,1057,218752,Kashi Pakri,638
204,1057,218753,Dheluaha,283
204,1057,218754,Bariara,106
204,1057,218755,Birit Kunawa,128
204,1057,218756,Abdia,113
204,1057,218757,Hardo  Patti,134
204,1057,218758,Kuawa,246
204,1057,218759,Fatehpur,282
204,1057,218760,Parsonia,328
204,1057,218761,Koirgawan,282
204,1057,218762,Bhurukurwa,887
204,1057,218763,Galimpur,330
204,1057,218764,Bakhri,305
204,1057,218765,Nonimal,431
204,1057,218766,Kaleyanpur,191
204,1057,218767,Ismaila,303
204,1057,801291,Mehsi (NP),4892
204,1057,801291,Mehsi (NP) WARD NO.-0001,218
204,1057,801291,Mehsi (NP) WARD NO.-0002,358
204,1057,801291,Mehsi (NP) WARD NO.-0003,298
204,1057,801291,Mehsi (NP) WARD NO.-0004,250
204,1057,801291,Mehsi (NP) WARD NO.-0005,433
204,1057,801291,Mehsi (NP) WARD NO.-0006,472
204,1057,801291,Mehsi (NP) WARD NO.-0007,299
204,1057,801291,Mehsi (NP) WARD NO.-0008,380
204,1057,801291,Mehsi (NP) WARD NO.-0009,389
204,1057,801291,Mehsi (NP) WARD NO.-0010,322
204,1057,801291,Mehsi (NP) WARD NO.-0011,273
204,1057,801291,Mehsi (NP) WARD NO.-0012,333
204,1057,801291,Mehsi (NP) WARD NO.-0013,348
204,1057,801291,Mehsi (NP) WARD NO.-0014,234
204,1057,801291,Mehsi (NP) WARD NO.-0015,285
