district_code,subdistrict_code,village_cod,village_name,num_households,centre_lat,centre_long,ne_lat,ne_long,sw_lat,sw_long
207,1080,219808,Raima,1078,26.5402111,85.8869978,26.5558605,85.8940429,26.5248202,85.8762208
207,1080,219809,Rampur birt,449,26.5816738,85.8447846,26.5944922,85.857744,26.5685214,85.8295941
207,1080,219810,Madhwapur,1362,26.4098724,86.2349044,26.4134996,86.2415085,26.4049053,86.2313918
207,1080,219811,Rampur,273,27.0592413,84.5458072,27.0733795,84.5552213,27.0524405,84.5282364
207,1080,219813,Ram Nagar Kajra,186,26.5809272,85.8191842,26.5844782,85.8222885,26.5779742,85.8161621
207,1080,219814,Basuki Bihari,2913,26.5648509,85.8230251,26.5932216,85.8520433,26.5450763,85.8069305
207,1080,219815,Durgapatti,415,26.5516422,85.8243053,26.5559348,85.8282241,26.5469971,85.8192901
207,1080,219816,Hanuman Nagar,467,25.5875912,85.1627832,25.5913629,85.16782,25.5844609,85.157012
207,1080,219817,Aura,247,25.7844888,86.1802619,25.8068388,86.1894151,25.7509994,86.1499709
207,1080,219818,Balwa,883,26.550357,85.8307059,26.5553225,85.8458022,26.5348778,85.824028
207,1080,219820,Bairwa,851,26.5269553,85.8358259,26.5382098,85.853294,26.5193615,85.8223572
207,1080,219821,Mukhiapatti,1295,26.5393254,85.8563007,26.5554198,85.8751145,26.5213395,85.8379899
207,1080,219822,Sahar,2833,25.2527989,84.6230572,25.2578153,84.6324062,25.2454723,84.6121502
207,1080,219823,Baswaria,472,27.0247376,84.2673851,27.0361024,84.275757,27.0147686,84.2511595
207,1080,219824,Akaha,190,26.5398627,84.0405322,26.55494,84.0563099,26.5292801,84.0196799
207,1080,219825,Sobrauli,350,26.5086934,85.8153431,26.5214709,85.826233,26.4999408,85.8098908
207,1080,219827,Karahuan,508,26.4984259,85.8166235,26.5088272,85.832222,26.4906271,85.8039934
207,1080,219829,Baingra,586,26.4916244,85.8358259,26.5001317,85.842964,26.4754256,85.8259583
207,1080,219830,Pihwara,695,26.5091415,85.8307059,26.5233114,85.8432769,26.4998015,85.8139876
207,1080,219831,Utra,1343,25.3131764,85.4543186,25.3162528,85.459299,25.3096577,85.451467
207,1080,219832,Loma,440,25.7422705,85.525174,25.7577189,85.5530701,25.7267169,85.5095518
207,1080,219833,Mahua,498,25.8147343,85.3969353,0,0,0,0
207,1080,219834,Salempur,1353,25.0359363,84.8424571,25.0424901,84.8487777,25.0310668,84.8352661
207,1080,219835,Ratauli,167,26.4919216,85.8460643,26.4956969,85.8524701,26.4849967,85.8413772
207,1080,219836,Pokharauni,253,26.4856114,85.8569404,26.4887676,85.8625946,26.4798621,85.8510435
207,1080,219837,Pokharauni Birta,169,26.4789304,85.8550212,26.4848634,85.8601453,26.4752997,85.8513488
207,1080,219838,Dumra,310,25.0458808,83.9664886,25.0516756,83.9793013,25.0335827,83.9578323
207,1080,219839,Minti,504,26.4801434,85.8460643,26.4891319,85.8521954,26.4683285,85.8350523
207,1080,219840,Pakar Sam,341,26.4679187,85.8307059,26.4797288,85.8461378,26.4618549,85.8214036
207,1080,219841,Awari,657,25.9644159,84.8385466,25.9752349,84.8611297,25.9565162,84.8247225
207,1080,219842,Andauli,121,26.0922894,86.2107672,26.1051616,86.2247465,26.0722693,86.1992262
207,1080,219843,Patar,292,26.0451896,84.208117,26.0516553,84.2115784,26.037389,84.2026949
207,1080,219844,Pirokhar,1471,26.5047722,85.7820416,26.5173129,85.8023986,26.4801617,85.768219
207,1080,219845,Ekari,293,24.9428175,84.8437605,24.9499545,84.8530769,24.936655,84.8305893
207,1080,219846,Sujatpur,763,26.4855967,85.7807603,26.5012835,85.7917404,26.4802397,85.7666624
207,1080,219848,Taraia,689,26.0731695,84.8839295,0,0,0,0
207,1080,219849,Pakri,435,27.1330331,84.4828838,27.1416949,84.4900664,27.119379,84.4664457
207,1080,219850,Bishunpur,1357,25.7882434,85.3433404,25.7928504,85.34774,25.7821979,85.3364487
207,1081,219851,kamlapatpatti,1051,26.6495084,86.0045031,26.6560503,86.0228419,26.6390774,85.9897327
207,1081,219852,Kaurna,885,26.6094906,85.6909956,26.6138914,85.6943893,26.6065819,85.6855702
207,1081,219853,Bisaul,1693,26.6317076,85.9993997,26.6410577,86.0118717,26.6196848,85.9887242
207,1081,219854,Harlakhi,1633,26.6371637,85.9840865,26.6449512,85.9938848,26.6294582,85.9736823
207,1081,219855,Birta,496,26.6426177,85.9687688,26.6550914,85.9783603,26.6342728,85.9539735
207,1081,219856,Naharnia,707,26.6307016,85.9636618,26.6400338,85.9821688,26.6235598,85.9526967
207,1081,219857,kasera,392,26.6236683,85.9751517,26.6287773,85.9784139,26.6208549,85.9706568
207,1081,219858,Mahadeopatti,346,26.7093052,85.6357789,26.7169247,85.6481707,26.6970576,85.617134
207,1081,219859,Umgaon,1012,26.6128985,85.9585544,26.6250656,85.9752595,26.6068219,85.9454602
207,1081,219861,Hatwaria,559,26.1127445,86.6837705,26.1287306,86.6974028,26.0990197,86.6692504
207,1081,219862,Potgah,402,26.6031374,85.9777047,26.614438,85.9844818,26.5995674,85.9719772
207,1081,219863,Mohanpur,225,25.7195518,86.015984,25.7230034,86.0188138,25.7160339,86.0137023
207,1081,219865,Suhpur,447,25.5859834,84.4486628,25.5900137,84.4531911,25.5816881,84.4416972
207,1081,219866,Rampur,701,27.0592413,84.5458072,27.0733795,84.5552213,27.0524405,84.5282364
207,1081,219867,kundalmaria,185,26.5921509,86.0057789,26.6010075,86.0107345,26.5842762,85.9992673
207,1081,219869,kalna,712,26.5902145,85.9891914,26.5986994,86.0007171,26.5777894,85.979347
207,1081,219870,Bituhar,770,26.5838967,85.9738752,26.5964756,85.9841078,26.5697022,85.9617843
207,1081,219871,Sothgaon,2083,26.6009807,85.9534465,26.614889,85.9692513,26.5882009,85.9385187
207,1081,219872,Pipraun,1641,26.6031252,85.9253439,26.6167306,85.9420002,26.5815861,85.9021022
207,1081,219873,Phulhar,1177,26.5820102,85.9074526,26.5947078,85.9180525,26.5664024,85.8909682
207,1081,219874,Beta Parsa,1378,26.5678032,85.9253439,26.5827311,85.9386063,26.5526407,85.9101182
207,1081,219875,Hurrahi,724,26.5771429,85.9432291,26.5884857,85.9489289,26.5650958,85.9314116
207,1081,219876,Kauaha pahari,1698,26.5531569,85.9278993,26.5727157,85.9569165,26.5386506,85.9095381
207,1081,219877,Sisauni,983,26.5660903,85.9687688,26.5761604,85.9815597,26.5533543,85.9537124
207,1081,219878,Sukhbasi,340,26.5469184,85.9674921,26.5544224,85.974785,26.5366496,85.958183
207,1081,219879,Harswar,714,26.549502,85.9547235,26.5599193,85.965454,26.531908,85.9426804
207,1081,219880,Pahra,533,26.5419612,85.9483381,26.5561009,85.9544754,26.5310934,85.9417495
207,1081,219881,Hisar,1808,26.5327665,85.9355648,26.5561122,85.944763,26.5189494,85.9118119
207,1081,219882,Jhitki,888,26.5437582,85.9598313,26.5484067,85.9650992,26.5396631,85.9551429
207,1081,219883,Khirhar,2950,26.5067735,85.9534465,26.5195846,85.9721756,26.4985193,85.9319074
207,1081,219884,Semhli,547,26.5050275,85.8921123,26.5137654,85.8980713,26.4980278,85.8860398
207,1081,219885,Baingra,640,26.4916244,85.8358259,26.5001317,85.842964,26.4754256,85.8259583
207,1081,219886,Jiraul,1228,26.505904,85.9227884,26.5176888,85.9371032,26.4968758,85.9037705
207,1081,219887,Baurhar,859,26.5176818,85.9227884,26.5286866,85.9388503,26.5089738,85.9043501
207,1081,219888,Sonai,1342,26.5198225,85.8946693,26.5326422,85.9118119,26.5079537,85.8852158
207,1081,219889,Mangrahtia,505,26.5406513,85.9023396,26.5472563,85.9160005,26.5286866,85.8922502
207,1081,219890,Manoharpur,614,25.3519734,83.906924,25.3580036,83.915016,25.3478508,83.8976976
207,1081,219892,Kamtaul,329,26.3321245,85.8204646,26.339403,85.8272981,26.3234218,85.8155394
207,1081,219893,Gopalpur,194,25.5376627,85.1781602,0,0,0,0
207,1081,219894,Gangaur,1699,25.5285773,86.3427458,25.547531,86.3654327,25.4958839,86.3312454
207,1082,219895,Khauna,1043,26.6559642,86.0249117,26.6667411,86.0381414,26.6442367,86.0103241
207,1082,219896,Lauthwa,445,26.6444763,86.035113,26.6528128,86.0391232,26.6362075,86.0291215
207,1082,219897,Majhaura,354,26.0755904,86.1370148,26.0817547,86.1432112,26.0674115,86.1320113
207,1082,219898,Mahinathpur,1999,26.3260313,86.1293792,26.3391475,86.1367873,26.3144167,86.114601
207,1082,219900,Chhitauni,1262,27.1460847,83.9545758,27.15769,83.97349,27.1409501,83.94228
207,1082,219901,Jonki,990,26.6397173,86.0758979,26.6513422,86.0874993,26.6332275,86.0636594
207,1082,219903,Simrarhi,374,26.6236342,86.0797199,26.6276648,86.0844576,26.6170999,86.0735571
207,1082,219904,Sirahi,744,26.598082,85.3873253,0,0,0,0
207,1082,219905,Khataia,1145,26.5975247,86.0402129,26.6178358,86.057678,26.5868796,86.0132293
207,1082,219906,Mothaur,478,26.6090158,86.0300126,26.620945,86.0415724,26.598217,86.0160063
207,1082,219907,Jaso,300,25.5709146,83.9942656,25.5745579,83.999791,25.5606769,83.987842
207,1082,219908,Kauaha,626,26.5794376,86.0249117,26.5899734,86.0328291,26.5680103,86.0115278
207,1082,219909,Birpur,2121,26.515046,87.009943,26.5249468,87.0245827,26.5054387,86.9979001
207,1082,219910,Ghorbanki,1549,26.5565921,86.0504111,26.5738906,86.0684126,26.5471497,86.0337295
207,1082,219911,Radha kant,277,26.5441488,86.0797199,26.5479622,86.089716,26.5381602,86.0715181
207,1082,219912,Selibeli Chitahi,1976,26.5320468,86.0611215,26.5336397,86.0680161,26.5258189,86.0558091
207,1082,219913,Arghawa,936,26.5146643,86.0249117,26.5241507,86.0453643,26.5051936,86.012596
207,1082,219914,Narkatia,677,26.8289674,84.9036859,26.8407481,84.9143522,26.8053226,84.8806076
207,1082,219915,Marhia,1495,27.0723252,84.4303959,27.0876369,84.4531017,27.0595474,84.4126814
207,1082,219916,Pachratan,377,24.5232449,84.8646113,24.5378493,84.8766099,24.5093174,84.8412625
207,1082,219917,Hathapur,1482,26.5468404,86.0172595,26.5596237,86.0297011,26.5284691,85.9984208
207,1082,219918,Basopatti,4526,26.5756508,86.0028829,0,0,0,0
207,1082,219919,Damu,1676,26.5339211,85.9764282,26.5500813,86.000015,26.5199851,85.9639741
207,1082,219920,Chanan,574,24.6152356,86.6686635,24.6300877,86.6812706,24.6051572,86.6561866
207,1082,219922,Siriapur,1267,26.5016034,85.9789811,26.5153809,85.9901198,26.4857768,85.9659958
207,1082,219923,Patauna,501,25.2956083,84.8294211,25.305107,84.8354875,25.2881736,84.8233108
207,1082,219924,Phent,1059,26.5199854,86.0045031,26.5387994,86.0126265,26.5034465,85.9930038
207,1082,219925,Manmohan,759,26.5261589,86.0147084,26.5353165,86.0254059,26.5147035,86.0087509
207,1082,219926,Barantpur,568,26.1728331,84.664203,26.1789646,84.6714807,26.1681671,84.6557695
207,1082,219927,Bhaiapatti,1251,26.4962855,85.9993997,26.510027,86.0139463,26.4809132,85.9852904
207,1082,219928,Belauna,431,26.4790465,86.0115906,26.4871769,86.0169372,26.476078,86.0076312
207,1083,219929,Garha,455,26.468487,85.5084348,26.4724362,85.5143165,26.4617754,85.503931
207,1083,219930,Rajauli,985,24.6532356,85.5045711,24.6754932,85.5310593,24.6243876,85.4818726
207,1083,219931,Dhamia Patti,380,26.6105632,86.0860891,26.6218141,86.0908412,26.6066587,86.0779453
207,1083,219932,Parsa,750,25.8141503,84.9054534,0,0,0,0
207,1083,219933,Usrahi Deodha,4945,26.5906358,86.1187032,26.617076,86.1377102,26.5743029,86.1039824
207,1083,219934,Bhadaur,532,26.6205736,86.1293792,26.6296741,86.1407357,26.6105725,86.1169553
207,1083,219935,Indarwa,770,26.733931,85.6717405,26.7412929,85.6800004,26.7269192,85.664116
207,1083,219936,Baira,1586,26.5832993,86.0580585,26.5958519,86.091484,26.5700111,86.0483014
207,1083,219937,Suriahi,259,26.5851571,86.0720757,26.5884609,86.0754546,26.5802822,86.0693054
207,1083,219938,Barhi,2195,26.4473978,86.2615689,26.4613608,86.2739714,26.4334888,86.2427061
207,1083,219939,Chatar,202,24.8319162,85.4878255,24.8381766,85.4911115,24.8253459,85.4845807
207,1083,219940,Silanath Dulipatti,2490,26.5581364,86.1064985,26.5740582,86.1186076,26.5495681,86.1007546
207,1083,219941,kuar,1348,26.5466281,86.1166506,26.5545082,86.1300583,26.5346144,86.1037063
207,1083,219942,jainagar,2496,26.5883988,86.1370148,26.6059681,86.146245,26.5694331,86.1226951
207,1083,219943,Dodwar,1245,25.0960742,85.3131194,27.5213199,88.289752,24.286278,83.3148651
207,1083,219944,Barhmotar,134,26.1598839,86.2863163,26.1625423,86.2902223,26.1578196,86.2805022
207,1083,219945,Korahia,2117,26.5581288,86.1064655,26.5740582,86.1186076,26.5495681,86.1007546
207,1083,219946,Silra,1343,26.5274554,86.1700894,26.5440158,86.1883545,26.5096646,86.1579435
207,1083,219947,Parwa,2566,26.5642812,86.1683875,26.5705028,86.1713612,26.5609251,86.1650025
207,1083,219948,Belhi,6271,26.2924462,86.5476411,26.3058376,86.5618361,26.2814408,86.5294419
207,1083,219949,Pachhar,820,26.5412159,86.1891612,26.5531998,86.195961,26.5339831,86.1804655
207,1083,801298,Jainagar (NP),4198,26.5883988,86.1370148,26.6059681,86.146245,26.5694331,86.1226951
207,1084,219964,Chiknautwa,674,26.5627297,86.2793375,26.572235,86.2910078,26.5498714,86.2667542
207,1084,219965,Bishunpur,300,25.7882434,85.3433404,25.7928504,85.34774,25.7821979,85.3364487
207,1084,219966,Mahtha,2236,26.6015998,86.3021736,26.6133258,86.3120141,26.5648707,86.28656
207,1084,219967,Lachhminia,967,25.4106633,86.328169,25.4151948,86.3325652,25.4080817,86.3213825
207,1084,219968,Piprahi,2033,26.5641963,85.3265449,26.5702686,85.3423462,26.5515462,85.3103409
207,1084,219969,Garha,834,26.468487,85.5084348,26.4724362,85.5143165,26.4617754,85.503931
207,1084,219970,Belahi,1342,26.2761276,86.1370148,26.2853451,86.1576612,26.2574137,86.1240387
207,1084,219971,Sidhapa,3194,26.549251,86.3275351,26.589122,86.3464343,26.5114646,86.30898
207,1084,219972,Dharamban,560,26.5514772,86.2996368,26.5585893,86.3107181,26.5392408,86.2924577
207,1084,219973,Ekhari,2183,26.5071034,86.2920255,26.5281886,86.3055723,26.4806709,86.2701721
207,1084,219974,Gajhara,2187,26.5204475,86.3528838,26.5362739,86.377632,26.4951152,86.3242646
207,1084,219976,Barhmotra,175,26.5042152,86.3516167,26.5076255,86.3574217,26.4990425,86.3463667
207,1084,219977,Pathrahi,1616,26.4967439,86.3800134,26.5024761,86.3834053,26.4774658,86.3403852
207,1085,219978,Lalmunia Munhara,1565,26.5688513,86.403543,26.5849102,86.4312028,26.5445002,86.3721238
207,1085,219979,Lataunha,129,26.5627858,86.3674535,26.5651131,86.3703611,26.5598888,86.3639905
207,1085,219980,Birpur Barapatti Pindraun,1615,26.5445243,86.3731536,26.5693721,86.4011689,26.520027,86.35878
207,1085,219981,Barmotar Rae Chanda,156,26.5249802,86.3864512,26.5272465,86.3880919,26.5227183,86.3843231
207,1085,219986,karmegh,7652,26.5269808,86.4360573,26.5429452,86.4515141,26.5128056,86.4227954
207,1085,219987,khutauna,3143,26.5012234,86.3976042,26.5143785,86.4142941,26.4875935,86.3871124
207,1085,219988,Siktiahi,1472,26.4507725,86.3934152,26.4742869,86.4071427,26.4326858,86.3741529
207,1085,219989,Prayagpur,250,26.4172996,86.4098718,26.4213581,86.4136278,26.4127465,86.4072493
207,1085,219990,Bagha kusmar,1946,26.418931,86.4161998,26.4403095,86.4332579,26.3972585,86.3941802
207,1085,219991,Ekhatha,1353,26.451851,86.4578927,26.4553664,86.4632125,26.4318046,86.4366761
207,1085,219992,Parsahi Sirsia,3824,26.4354769,86.4895463,26.4815101,86.5106049,26.4165361,86.4574434
207,1085,219993,Hinguwa,113,26.4662609,86.4832276,26.4716109,86.489212,26.4613035,86.4768981
207,1085,219994,Barmotar Bhajnaha,200,26.468585,86.4579446,26.4728031,86.4623109,26.4651069,86.4504396
207,1085,219995,Lachhmipur,535,26.6158818,84.8620054,26.6408614,84.8937224,26.6063994,84.853874
207,1085,219996,Bandar Jhuli,253,26.5220483,86.475644,26.5279636,86.4963533,26.5150509,86.4681704
207,1085,219997,Naraenpur,248,25.9377047,86.1794915,25.9594992,86.2045592,25.9084071,86.1464918
207,1085,219998,Majhaura,1025,26.0755904,86.1370148,26.0817547,86.1432112,26.0674115,86.1320113
207,1085,219999,Pathrahi,581,26.4967439,86.3800134,26.5024761,86.3834053,26.4774658,86.3403852
207,1085,220000,Jhajhri,605,26.4794881,86.4819637,26.4892157,86.498947,26.4709016,86.4635085
207,1085,220001,Bhajnaha,600,26.4608617,86.4660773,26.478754,86.479889,26.4523891,86.4555129
207,1085,220002,Balampatti,398,26.4803073,86.4554156,26.4839516,86.4673082,26.4724941,86.4433977
207,1085,220003,Basania,174,26.4907746,86.4617379,26.4958363,86.4706345,26.4816416,86.4497145
207,1085,220004,Madhopur,615,26.3431608,84.4500844,26.3473928,84.4555306,26.3366146,84.4449198
207,1085,220005,Baghmaria,338,26.5125242,86.4478279,26.51556,86.4583053,26.5072135,86.4367142
207,1085,220006,Urhwa,569,24.7992897,83.5789525,24.8150672,83.5961377,24.7862301,83.5657195
207,1085,220007,Bauraha,515,26.4914005,86.4275882,26.5055464,86.4355011,26.485298,86.414482
207,1085,220008,Lahria,763,26.478364,86.4364441,26.4919911,86.4497145,26.4682178,86.4265748
207,1085,220009,Bela,319,24.9694491,84.973511,24.9747597,84.9820745,24.9616545,84.964701
207,1085,220010,Urhwa,195,24.7992897,83.5789525,24.8150672,83.5961377,24.7862301,83.5657195
207,1085,220011,Siswar,236,26.4318475,86.4617379,26.4454335,86.4703884,26.4150685,86.4497523
207,1085,220012,Sihula,466,26.4717138,86.4060746,26.4860324,86.4146803,26.4444122,86.3949736
207,1085,220013,Jhanjpatti Doman,435,26.4652004,86.4402389,26.4759884,86.4525145,26.4567699,86.4282456
207,1085,220014,Kalripatti,475,26.4634094,86.4143946,26.4715174,86.4292221,26.4543132,86.3985748
207,1085,220015,Durgipatti,696,26.4483971,86.4161998,26.4581089,86.4269485,26.4372747,86.4048232
207,1085,220016,Hudra,485,26.4428825,86.4313838,26.4580478,86.4403916,26.4310416,86.4223175
207,1085,220017,Jhanjhpatti Asa,736,26.4609378,86.4465631,26.4697588,86.4585417,26.4512425,86.4384537
207,1085,220018,Ekhatha,697,26.451851,86.4578927,26.4553664,86.4632125,26.4318046,86.4366761
207,1085,220019,Anharban,171,26.509443,86.5021814,26.5154323,86.5128555,26.4943198,86.4974596
207,1085,220020,Basdeopur,2253,26.5129421,86.5249164,26.5359269,86.5548146,26.480606,86.4964677
207,1085,220021,Piprahi,722,26.5641963,85.3265449,26.5702686,85.3423462,26.5515462,85.3103409
207,1085,220022,Chatarbhuj,496,26.4625508,86.5122871,26.477083,86.5249174,26.4471378,86.4967726
207,1085,220023,Barkor,150,26.4760855,86.5236537,26.4829005,86.5318986,26.4655572,86.5177001
207,1085,220024,Tengrar,1099,26.4061311,86.4946007,26.4211748,86.5102232,26.3983001,86.4653778
207,1086,220025,Singrahi,445,26.4620958,86.5263576,26.4675771,86.5427701,26.4539395,86.5223006
207,1086,220026,Atri,807,24.9383607,85.1984715,24.9428727,85.2023971,24.9312275,85.1929665
207,1086,220027,Harbhanga,324,26.5048966,86.5577376,26.5153817,86.5649915,26.4923914,86.5473104
207,1086,220028,Tharwahi,209,26.4947367,86.5640469,26.5011052,86.5689772,26.4895683,86.5586507
207,1086,220029,Tulsiahi,277,26.4874618,86.5678321,26.4967842,86.5743685,26.4808681,86.5637469
207,1086,220031,Mahadewa,1031,25.0659059,84.3837735,25.0711702,84.3908103,25.0628206,84.3753004
207,1086,220032,jamsar,196,26.4271535,84.3042333,26.4367313,84.3130417,26.4168623,84.2973174
207,1086,220033,Laukahi,1187,26.4754345,86.5577376,26.4924682,86.5697336,26.4601616,86.5477931
207,1086,220034,Jhauri,1050,26.4467433,86.5183446,26.4559688,86.5536728,26.4227981,86.507492
207,1086,220035,Sonbarsa,683,25.6942734,86.7078725,0,0,0,0
207,1086,220036,Sanpataha,253,26.4270453,86.5543003,26.4283469,86.5559768,26.4246754,86.5517365
207,1086,220037,Piprahi,298,26.5641963,85.3265449,26.5702686,85.3423462,26.5515462,85.3103409
207,1086,220038,Kakahia,224,26.438632,86.5589995,26.4445857,86.5668563,26.432064,86.551407
207,1086,220039,Chichorwa,323,26.4297913,86.5589995,26.4361,86.5671768,26.4244555,86.5557554
207,1086,220040,Tharhi,378,26.3872877,86.3300705,26.3962713,86.3378942,26.373435,86.318121
207,1086,220041,Ladania,821,26.6108907,86.319928,26.6197808,86.3292976,26.6038528,86.3124347
207,1086,220042,Kaluahi,164,26.4626396,86.0606074,26.4692669,86.0677958,26.4582215,86.0565948
207,1086,220043,Pipraun,867,26.6031252,85.9253439,26.6167306,85.9420002,26.5815861,85.9021022
207,1086,220044,Kariaut,1131,25.0960742,85.3131194,27.5213199,88.289752,24.286278,83.3148651
207,1086,220045,Makhnaha,186,25.9356647,87.1759416,25.9433668,87.1899109,25.9262294,87.1654204
207,1086,220046,Andhramath,1065,26.4541287,86.653552,26.4635714,86.6770918,26.4414833,86.6330767
207,1086,220047,Bikramsher,565,26.4259271,86.2856819,26.4299695,86.2879087,26.4226387,86.2828875
207,1086,220048,kukur doura,573,26.4063851,86.6283557,26.4167558,86.6371918,26.3964596,86.6161194
207,1086,220049,Dakahi,924,26.4127515,86.6485137,26.4272041,86.6601944,26.3996277,86.6331864
207,1086,220051,Chandarpatti,175,26.4018014,86.6529222,26.4047643,86.655266,26.4007814,86.6477967
207,1086,220052,Dharhara,894,25.2564134,86.4022771,25.2614733,86.4082808,25.2493715,86.3983253
207,1086,220054,Jiroga,730,26.4073254,86.6686635,26.4150791,86.6843337,26.3920879,86.6543886
207,1086,220055,Bharphori,757,26.4431585,86.6888051,26.4538032,86.7040372,26.4273851,86.6748655
207,1086,220056,Neur,800,26.4260534,86.7139704,26.4364736,86.7245292,26.4186033,86.6976643
207,1086,220058,Narindarpur,1896,26.156566,84.2682321,26.162466,84.2793425,26.1458187,84.2574156
207,1086,220060,Mahadeomath,987,26.3835106,86.6585897,26.3961773,86.6758727,26.3669454,86.6342314
207,1086,220061,Gidrahi,305,26.3655889,86.6485137,26.3772448,86.6626433,26.3573073,86.6384812
207,1086,220062,Mahthour Got,582,26.3651178,86.6283557,26.3760165,86.648491,26.3532619,86.6118391
207,1086,220063,Mahthoura,329,26.3474297,86.6283557,26.3588408,86.6417158,26.3330365,86.6169204
207,1086,220064,Dhanchhiha,1396,26.3470745,86.6132317,26.3555812,86.6231308,26.3330421,86.5986022
207,1086,220065,Hardoarlaukaha,113,26.3452734,86.599364,26.3535137,86.6030198,26.3328495,86.5929337
207,1086,220066,Kaudihar Laukahi,242,26.3542961,86.6069287,26.359516,86.6163787,26.3513679,86.5977093
207,1086,220067,Baruwar,2823,26.3849799,86.5955813,26.3940087,86.6176147,26.3303278,86.5731811
207,1086,220068,Rajarampatti,278,26.3704203,86.6031465,26.3785589,86.6107864,26.3663921,86.5990446
207,1086,220069,Narahi,400,24.8721379,84.3213336,24.8768539,84.3272016,24.8694572,84.3166505
207,1086,220070,Bajuband,307,26.381005,86.6144922,26.3879966,86.6254579,26.3707658,86.6063537
207,1086,220071,Matahi,464,26.3942396,86.6132317,26.4005297,86.6254499,26.3851336,86.6055373
207,1086,220072,Jarauli,461,24.6532356,85.5045711,24.6754932,85.5310593,24.6243876,85.4818726
207,1086,220073,Harraha,300,26.423594,86.6081894,26.431766,86.6196226,26.4166432,86.5973496
207,1086,220074,Kusmahi,627,24.3914663,84.5261509,24.3956261,84.5303879,24.3876247,84.5233308
207,1086,220075,Kharagpur,305,25.1223251,86.5526896,25.1343289,86.5635968,25.1160671,86.5435122
207,1086,220076,Sakhua,482,26.1765894,86.7667756,26.1886291,86.7794112,26.159149,86.7468567
207,1086,220077,Hariraha,228,26.3673512,86.8571659,26.3901291,86.8897932,26.3563194,86.8439866
207,1086,220078,Belahi Bhawanipur,497,26.4048313,86.5627851,26.4111156,86.5800475,26.3925266,86.5499265
207,1086,220079,Karharwa,302,26.7192326,85.2127166,26.7276038,85.2258376,26.710415,85.2043838
207,1086,220080,Kachnarwa,274,26.4164993,86.5577376,26.4250353,86.5647965,26.4081229,86.5493314
207,1086,220081,Mansapur,2321,26.4282493,86.5478797,26.4301716,86.5530166,26.3751753,86.5041199
207,1086,220082,Lachhmipur,598,26.6158818,84.8620054,26.6408614,84.8937224,26.6063994,84.853874
207,1086,220083,Kuriban,472,26.3865411,86.5375425,26.3962898,86.5460814,26.3740348,86.526466
207,1086,220084,Narahia,2762,26.3622248,86.5323325,0,0,0,0
207,1086,220085,Mahdewa,294,24.9526615,84.1105259,24.9603309,84.120903,24.9470558,84.098747
207,1086,220086,Auraha,300,26.3515328,86.5526896,26.3584595,86.5622177,26.3416919,86.5425034
207,1086,220087,Sananpatti,409,26.3526126,86.5362801,26.3593006,86.5428771,26.3447054,86.5313644
207,1086,220088,Labtoli,377,26.3394986,86.5425921,26.3450411,86.5497357,26.3260231,86.5330506
207,1086,220089,Bhutaha,406,26.3338446,86.5526896,26.3447093,86.5642395,26.329481,86.5472793
207,1086,220090,Bangawan,3203,26.3373349,86.5754016,26.3767241,86.5859526,26.3047103,86.5508956
207,1087,220091,Bathnaha,793,26.6400936,85.5763299,0,0,0,0
207,1087,220092,Bharahi,272,26.4226215,86.3870843,26.431118,86.3959122,26.4185714,86.376686
207,1087,220093,Bahraha,462,26.4137813,86.3870843,26.4216709,86.394943,26.4066809,86.3768538
207,1087,220094,Mainaha,178,25.6764144,86.719002,25.682723,86.7342068,25.6659173,86.7110753
207,1087,220095,Siswar,1760,26.4318475,86.4617379,26.4454335,86.4703884,26.4150685,86.4497523
207,1087,220096,Bairiahi,533,26.3081472,86.5261792,26.31382,86.5335999,26.3015002,86.5190809
207,1087,220097,Musharnia,459,26.3033889,86.5122871,26.3184889,86.5207975,26.2964113,86.5061872
207,1087,220098,Ramnagar,2038,27.1659296,84.3269711,0,0,0,0
207,1087,220099,Gurgawan,608,25.45268,87.619872,25.4593639,87.6270675,25.4482649,87.6108704
207,1087,220100,Phulparas,2153,26.359031,86.5005691,0,0,0,0
207,1087,220101,Barhi,1298,26.4473978,86.2615689,26.4613608,86.2739714,26.4334888,86.2427061
207,1087,220102,Murli,747,26.280116,86.7793398,26.2940502,86.7980271,26.2687301,86.7510529
207,1087,220103,Mahathour,3174,26.3825529,86.4946007,26.402872,86.5124207,26.3550014,86.4661178
207,1087,220108,Kala Patti,2207,26.4043858,86.4237923,26.4188002,86.4674452,26.3765964,86.4110793
207,1087,220109,Dahapatti,213,26.395859,86.4364441,26.4033317,86.4442292,26.3893776,86.4268112
207,1087,220110,Balua,694,27.1544172,84.4303959,27.1657198,84.434303,27.148878,84.4228745
207,1087,220111,Gatipatti,247,26.378301,86.4415038,26.3902377,86.4500274,26.369667,86.437828
207,1087,220113,Dhanouja,1499,26.357981,86.4541511,26.3799169,86.4684219,26.3475227,86.4362337
207,1087,220114,Goriari,940,25.116347,84.3114687,25.1223618,84.3160557,25.1100732,84.3033421
207,1087,220115,Hariari,550,26.3485751,86.4313838,26.3580646,86.4432219,26.3370209,86.4196092
207,1087,220116,Sugapatti,1411,26.3690194,86.4237923,26.3818874,86.441841,26.3530235,86.4103031
207,1087,220117,Gohuma Bairia,2087,26.3803036,86.403543,26.3995245,86.4206848,26.3676852,86.379242
207,1087,220118,Sisauni,189,26.5660903,85.9687688,26.5761604,85.9815597,26.5533543,85.9537124
207,1087,220119,Murbala,189,26.3694481,86.3820191,26.3758316,86.3899996,26.3667393,86.377968
207,1087,220121,Amouja,734,26.3730303,86.4073403,26.3787024,86.408962,26.3647453,86.4029593
207,1087,220122,Saini,1502,26.3532054,86.3807527,26.367939,86.3977888,26.3430805,86.3576431
207,1087,220124,Dharamdiha,574,26.3412875,86.3756867,26.3482454,86.3910064,26.3314665,86.365814
207,1087,220125,Bachhauni,458,26.3281184,86.3794862,26.333309,86.3935623,26.3254375,86.3687896
207,1087,220126,Jagatpur,712,26.3682282,86.0555095,26.3858929,86.0757904,26.3560619,86.0321351
207,1087,220127,Khargawan,425,25.1421156,85.5676424,25.1470715,85.570879,25.1395738,85.5627251
207,1087,220128,Sijaulia,1311,26.3441849,86.4326489,26.348937,86.4366961,26.339076,86.4302373
207,1087,220129,Baika,725,26.1380575,86.2691848,26.1456533,86.2805486,26.1303388,86.259563
207,1087,220130,Laksena,292,26.3365144,86.3617528,26.3479118,86.3682555,26.3261659,86.352211
207,1087,220131,Mahindwar,884,26.3171936,86.355418,26.3333014,86.3714066,26.3056202,86.3434522
207,1087,220132,Az Rakbe Mahindwar,200,26.3129318,86.3617528,26.3178901,86.367691,26.3086509,86.3578033
207,1088,220133,Maheshwara,1349,26.4498047,86.1933356,26.4636019,86.2084043,26.4282207,86.18544
207,1088,220134,Bagaul,336,26.4387336,86.2120379,26.4449863,86.2203751,26.4333878,86.2053375
207,1088,220135,Ghonghaur,1814,25.5285773,86.3427458,25.547531,86.3654327,25.4958839,86.3312454
207,1088,220136,Shyamsidhap,447,26.4260442,86.2336343,26.4317494,86.2388762,26.4192219,86.2208708
207,1088,220137,Bhatgawan,509,25.4856386,87.0674215,25.5075684,87.0866314,25.4687996,87.0521924
207,1088,220138,Madhwapur,117,26.4098724,86.2349044,26.4134996,86.2415085,26.4049053,86.2313918
207,1088,220139,Bairia,202,27.1205069,84.4999323,27.1285094,84.505928,27.1135748,84.4963454
207,1088,220140,Satghara,1095,26.4230241,86.2635707,26.4285132,86.273008,26.4191246,86.2589921
207,1088,220142,Murhadi,1257,26.4442593,86.2588525,0,0,0,0
207,1088,220143,Bela,304,24.9694491,84.973511,24.9747597,84.9820745,24.9616545,84.964701
207,1088,220144,Tirhuta,1352,26.458386,86.2390242,0,0,0,0
207,1088,220145,Bausi,546,24.8128589,87.0449381,24.8168906,87.0537566,24.8019333,87.0341339
207,1088,220146,Chhaurahi,1492,25.891455,85.4404228,25.9012241,85.453682,25.8790989,85.4338377
207,1088,220147,Bhatchaura,1143,26.5181892,86.1987706,26.5331879,86.2318648,26.5064144,86.191597
207,1088,220148,Baruwar,1402,26.3849799,86.5955813,26.3940087,86.6176147,26.3303278,86.5731811
207,1088,220150,Tola Barhmotar,251,26.5016617,86.2526823,26.5070419,86.2551115,26.4968529,86.2454986
207,1088,220151,Hanumannagar,152,26.0928847,86.2907568,26.1000703,86.2996243,26.0876216,86.2811279
207,1088,220152,Deora,427,26.37965,85.7833228,26.3846874,85.790741,26.3766956,85.7693252
207,1088,220153,Bela,1898,24.9694491,84.973511,24.9747597,84.9820745,24.9616545,84.964701
207,1088,220154,Sonmati,686,26.4933553,86.3300705,26.5044994,86.3453367,26.4818668,86.3192444
207,1088,220155,Teghra,1765,25.4857289,85.9483381,25.4976323,85.9670396,25.4785688,85.9315058
207,1088,220156,Barail,581,26.033904,86.5930592,26.0452708,86.5996629,26.0206927,86.5828019
207,1088,220158,Jatahi,320,26.4644144,86.3503495,26.4784316,86.3586273,26.4546947,86.3371124
207,1088,220159,Madan dobh,461,26.4582638,86.340211,26.4697799,86.3464582,26.4502066,86.3331602
207,1088,220161,Tola Agari,285,26.474305,86.3338735,26.4795284,86.3391038,26.4692898,86.3288269
207,1088,220163,Khojpur,775,26.4759399,86.340211,26.4867067,86.3523246,26.4659245,86.3243437
207,1088,220165,Nabnagar,230,24.6067913,84.1274624,0,0,0,0
207,1088,220166,Balirajpur,493,26.4560439,86.3110516,26.4606933,86.3207931,26.4486045,86.3023985
207,1088,220168,Ramnipatti,271,26.4498904,86.3009052,26.4527682,86.3069762,26.4412592,86.2952651
207,1088,220169,Kharagbani,1774,26.471756,86.2920255,26.4857692,86.3050384,26.4518585,86.2775726
207,1088,220170,Pirhi,1454,26.4788247,86.2806064,26.4836338,86.2873613,26.4737614,86.2753558
207,1088,220172,Barhi,1728,26.4473978,86.2615689,26.4613608,86.2739714,26.4334888,86.2427061
207,1088,220173,Dudahi,406,26.4524432,86.2856819,26.4573571,86.2905156,26.449788,86.2789391
207,1088,220174,Mafi Mahuahi,159,26.4305068,86.263473,26.4338283,86.2667463,26.4280947,86.2616271
207,1088,220175,Mahuahi,934,25.1793029,84.3160725,25.1843491,84.3222885,25.1748238,84.3126372
207,1088,220177,Bikram Sher,441,26.4240689,86.6283557,26.4290466,86.6519164,26.4144077,86.6158217
207,1088,220178,Dhamaura,706,26.9752715,84.498621,26.9867534,84.5094146,26.9633006,84.4869232
207,1088,220179,Jabdi,480,26.4202309,86.2932941,26.4299448,86.3003923,26.4126396,86.2867736
207,1088,220180,Lohapipar,377,26.4467478,86.2932941,26.4512768,86.2987447,26.4425835,86.2876511
207,1088,220181,Misraulia,1258,25.5591433,83.9868682,25.5675277,83.9948193,25.5513573,83.9784089
207,1088,220182,Jasrajpur,235,26.4088367,86.3085152,26.4133377,86.3128508,26.4060153,86.3053437
207,1088,220183,Rahikpur,336,26.4182738,86.3302326,26.426834,86.3338745,26.4035223,86.3115542
207,1088,220184,Pachrukhi,1591,26.1615001,84.4139838,26.1678504,84.4191599,26.1567476,84.4087892
207,1088,220185,Garhi,453,24.7874933,86.082742,24.8152485,86.1050033,24.7715988,86.0736924
207,1088,220186,Barhara,764,25.6889818,84.7237198,25.6948585,84.7437742,25.6785087,84.7183456
207,1088,220187,Arazi Az Rakbe Barhara,321,26.4293595,86.3332397,26.4318981,86.3363952,26.4264011,86.3297575
207,1088,220188,Kulharia,887,26.4020869,86.3326058,26.4149321,86.3468474,26.3808498,86.3206862
207,1088,220189,Parsa,448,25.8141503,84.9054534,0,0,0,0
207,1088,220190,Bardaha,620,26.3302855,87.5272212,26.351511,87.5404281,26.3146972,87.5119777
207,1088,220191,Bardahi Barhara,2147,26.439651,86.3573856,26.4463218,86.3679254,26.4315796,86.3484713
207,1088,220192,Basaha,1462,26.2174458,84.787686,26.2239495,84.7968138,26.2129537,84.7747497
207,1088,220193,Jagarnathpur,211,25.649025,87.5939487,25.6683064,87.6093368,25.6359654,87.5635528
207,1088,220194,Sonpatahi,895,26.455126,86.2755304,26.4576567,86.2813794,26.449377,86.2698593
207,1088,220195,Sarara,957,26.3943394,86.3756867,26.408535,86.3878553,26.3842259,86.358574
207,1089,220196,Rasidpur,1404,25.6366918,85.8511827,25.6440239,85.8582611,25.6263447,85.8415755
207,1089,220199,Beta Kakarghati,1028,26.4393708,86.1255609,26.4488582,86.1404799,26.4272727,86.1129989
207,1089,220200,Kothia,615,25.8543777,85.6203594,25.8600101,85.6385881,25.8432482,85.604393
207,1089,220201,Darha,631,24.935919,86.3123197,24.9498386,86.336624,24.9182092,86.2870787
207,1089,220202,Thengha,470,26.1390987,86.3097834,26.1456725,86.3227987,26.1310518,86.2998605
207,1089,220203,Thahar,572,26.4414262,86.1471939,26.4469641,86.1615219,26.430254,86.1379927
207,1089,220204,Sarabe,1138,26.458827,86.1370148,26.4721354,86.1588133,26.4456196,86.1221541
207,1089,220205,Sater,260,26.4762255,86.1268337,26.4849223,86.1347581,26.4704704,86.1186905
207,1089,220206,Lachhmipur,1181,26.6158818,84.8620054,26.6408614,84.8937224,26.6063994,84.853874
207,1089,220207,Nararh (Part in Kaluahi),1992,26.4626396,86.0606074,26.4692669,86.0677958,26.4582215,86.0565948
207,1089,220208,Mahua Ekdara,1662,26.5143056,86.1191966,26.5367469,86.1341018,26.4887123,86.0952988
207,1089,220209,Biraul,827,25.9426399,86.2437941,25.9542198,86.2573581,25.9339454,86.2282563
207,1089,220210,Hathiahi,399,26.328941,84.7772474,26.3338393,84.7807461,26.3255424,84.7729872
207,1089,220211,Datwar,1071,26.4838852,86.1369683,26.4912605,86.1496274,26.469576,86.1191099
207,1089,220212,Behta,345,26.4783493,86.1510105,26.4863776,86.1577606,26.4722518,86.1488495
207,1089,220213,Suki,1436,26.3990653,85.4543186,26.4061222,85.4597166,26.3929233,85.4467847
207,1089,220214,Maina,154,25.6764144,86.719002,25.682723,86.7342068,25.6659173,86.7110753
207,1089,220215,Maniarwa,687,26.4666356,86.1535548,26.4761677,86.1601334,26.4608459,86.146858
207,1089,220216,Inarwa,826,27.119712,84.592955,27.1332455,84.6012496,27.1125374,84.5785065
207,1089,220217,Khajauli,620,26.4852879,86.1604495,26.4958563,86.1710054,26.4798138,86.1540021
207,1089,220218,Madna,255,26.376529,86.3706203,26.3877352,86.3831253,26.3642559,86.3603439
207,1089,220219,Lachhmipur,465,26.6158818,84.8620054,26.6408614,84.8937224,26.6063994,84.853874
207,1089,220221,hariswara,563,26.4482698,86.1828047,26.4569567,86.188469,26.4382551,86.1724777
207,1089,220222,Kanhauli,1600,25.5822252,84.9180065,25.5881526,84.9249172,25.5778371,84.9125897
207,1089,220223,Mahrajpur,601,26.4653809,86.2171202,26.4689404,86.2225486,26.4617562,86.2113476
207,1089,220224,Chandardih,413,24.9592086,87.0425059,24.9648514,87.0622098,24.9462396,87.0357208
207,1089,220225,Chandar Gobraura,3901,26.4814141,86.2107672,26.5100479,86.2328109,26.4547557,86.1830522
207,1089,220226,Bhakua,2585,26.5099341,86.188902,26.5144622,86.1942459,26.5062787,86.1850296
207,1089,220227,Kormauli ( Part in Kaluahi ),764,26.4626396,86.0606074,26.4692669,86.0677958,26.4582215,86.0565948
207,1090,220228,Nararh (Part in Khajauli),1969,26.4852879,86.1604495,26.4958563,86.1710054,26.4798138,86.1540021
207,1090,220230,Pursaulia,2039,26.5120353,86.0658365,26.5168356,86.0722175,26.5069144,86.0591988
207,1090,220232,Malmal,4665,26.4850476,86.0480029,26.4992145,86.0603027,26.4712034,86.0356978
207,1090,220233,Koluahi,464,26.4626396,86.0606074,26.4692669,86.0677958,26.4582215,86.0565948
207,1090,220234,Harpur,3587,25.4408945,84.0520934,25.4428483,84.0536928,25.4375777,84.0492297
207,1090,220235,Keota,514,25.6332294,85.833266,25.6520309,85.8461456,25.6151809,85.8190766
207,1090,220236,Subhankarpur,1263,26.4252932,86.0414878,26.4307003,86.0475005,26.4214782,86.035942
207,1090,220237,Loha,682,26.4189175,86.0472317,26.4247457,86.0522142,26.415389,86.0392993
207,1090,220238,Belahi,307,26.2761276,86.1370148,26.2853451,86.1576612,26.2574137,86.1240387
207,1090,220240,Dokahar,629,26.4176436,86.0848153,26.4265842,86.1003648,26.4074669,86.0704041
207,1090,220241,Madhaipur,831,26.3413288,85.307159,26.3489036,85.3163679,26.334402,85.2928239
207,1090,220242,Kormauli ( Part in Khajauli ),1597,26.4852879,86.1604495,26.4958563,86.1710054,26.4798138,86.1540021
207,1090,220243,Karpur,185,26.4506023,86.1051922,26.4583414,86.1164244,26.4445305,86.0944673
207,1090,220244,Kaparia,400,26.4515552,86.0860891,26.4632071,86.0962751,26.4440211,86.0787583
207,1090,220245,Dealpalo,361,26.4650531,86.0950048,26.471424,86.1042405,26.4557837,86.0859605
207,1090,220246,Palimohan,1190,26.4699211,86.1115583,26.4827861,86.1254043,26.4508819,86.0932772
207,1090,220247,Kalikapur,2201,26.496593,86.0905472,26.5014747,86.0980082,26.4907974,86.0863567
207,1091,220248,Kesuli,487,26.501805,85.9576689,26.5075285,85.9715192,26.4894486,85.9474035
207,1091,220249,Manpaur,2244,26.7410558,85.7128096,26.7504157,85.7279734,26.7305049,85.6999279
207,1091,220250,Ladaut,631,26.457351,85.9240662,26.4621751,85.9315568,26.4438208,85.9116517
207,1091,220251,Mahamadpur,780,25.9535817,84.4645184,25.976612,84.4826202,25.9407691,84.439476
207,1091,220252,Barantpur,325,26.1728331,84.664203,26.1789646,84.6714807,26.1681671,84.6557695
207,1091,220253,Teoth,2180,26.4760201,85.9074526,26.4992065,85.9282226,26.4547652,85.8785095
207,1091,220254,Adhwari,462,26.4862903,85.9061744,26.4945125,85.9161526,26.482153,85.8939134
207,1091,220256,Khutauna,401,26.5012234,86.3976042,26.5143785,86.4142941,26.4875935,86.3871124
207,1091,220257,Salha,491,25.7521946,85.7589743,25.7599693,85.765963,25.7473492,85.7501916
207,1091,220258,Deuri,169,24.9061239,84.191193,24.944877,84.2035666,24.8821251,84.1490103
207,1091,220259,Dhanauja,549,26.469251,85.8767674,26.4781285,85.8819351,26.4581144,85.8693542
207,1091,220260,Arazi Uchaith,143,26.4551338,85.872291,26.4589634,85.876381,26.45191,85.8684387
207,1091,220261,Uchaith,487,26.4517282,85.8818829,26.4607619,85.8877106,26.4467678,85.8674088
207,1091,220262,jagat,372,26.4444021,85.8831617,26.4512004,85.8906402,26.4385223,85.8764876
207,1091,220263,Arazi Jagat,159,26.438585,85.8857191,26.4414213,85.8898162,26.4352568,85.8800581
207,1091,220264,Kachhara,691,26.4325477,85.8806041,26.4433077,85.8887098,26.4243966,85.8736115
207,1091,220265,Betauna,570,26.4336158,85.866535,26.4481734,85.8769455,26.4243983,85.8582075
207,1091,220266,Samada,905,26.4509914,85.8563007,26.4642029,85.8679123,26.4428062,85.8364105
207,1091,220267,Lorika,489,26.4642806,85.8575801,26.4731502,85.870796,26.458269,85.8412782
207,1091,220268,Sohraul,837,26.4456341,85.8492634,26.4509984,85.8567045,26.4416142,85.8432297
207,1091,220269,Chandpura,128,25.4961575,86.2077385,25.5136203,86.2227402,25.4857255,86.1939774
207,1091,220270,Chandpur Patti,557,26.4167999,85.8198244,26.4254455,85.8237533,26.4091835,85.8152616
207,1091,220271,Chandpura,457,25.4961575,86.2077385,25.5136203,86.2227402,25.4857255,86.1939774
207,1091,220273,Dhanukhi,311,26.443613,85.8050987,26.4520283,85.8096619,26.438099,85.7969896
207,1091,220274,Madhopur,441,26.3431608,84.4500844,26.3473928,84.4555306,26.3366146,84.4449198
207,1091,220275,Barri,1576,26.4573591,85.7717907,26.4714478,85.8173677,26.442108,85.7552455
207,1091,220276,Bishunpur,642,25.7882434,85.3433404,25.7928504,85.34774,25.7821979,85.3364487
207,1091,220277,Agaropatti,192,26.4239069,85.7858851,26.4302063,85.7921905,26.4208906,85.7816391
207,1091,220278,Makea,547,25.0960742,85.3131194,27.5213199,88.289752,24.286278,83.3148651
207,1091,220279,Bishai Larugawan,387,26.4177906,85.7781977,26.4217223,85.7822569,26.4103297,85.7731323
207,1091,220280,Larugawan,275,26.4131086,85.7692277,26.4225234,85.776169,26.4033604,85.7618635
207,1091,220281,Bhagwatipur,298,26.3081983,86.1789905,26.3122596,86.1931302,26.3041534,86.1676328
207,1091,220282,Agai,230,26.402158,85.7724315,26.4049434,85.7843093,26.3994407,85.7624967
207,1091,220283,Bagwasa,365,26.4062352,85.7858851,26.4113845,85.788414,26.4018554,85.7828141
207,1091,220284,Shahpur,468,25.5859834,84.4486628,25.5900137,84.4531911,25.5816881,84.4416972
207,1091,220285,Rampur,221,27.0592413,84.5458072,27.0733795,84.5552213,27.0524405,84.5282364
207,1091,220287,Chholkara,142,26.4177893,85.7906892,26.4190655,85.7917328,26.4162446,85.7893752
207,1091,220288,Shivnagar,558,26.4199021,85.7999758,26.4274329,85.8081664,26.4111786,85.7820434
207,1091,220289,Sonhauli,536,26.0671357,84.7446146,26.0748244,84.7534275,26.0564745,84.7396088
207,1091,220290,Matrahari,199,26.4164172,85.831986,26.4253769,85.8424892,26.4027614,85.8155061
207,1091,220291,Basaitha,1358,26.4068801,85.8351804,0,0,0,0
207,1091,220293,Matrahari,349,26.4164172,85.831986,26.4253769,85.8424892,26.4027614,85.8155061
207,1091,220294,Karhara,1134,26.1457285,86.4120867,26.1471076,86.4131677,26.1443627,86.4104426
207,1091,220295,Uren,329,26.4216869,85.8614181,26.4276104,85.874771,26.41156,85.8530351
207,1091,220296,Ranipur,196,25.5886429,85.2106976,25.598467,85.2242491,25.580302,85.194363
207,1091,220297,Najira,1048,26.4060234,85.8379899,26.4095486,85.8448562,26.3992233,85.836113
207,1091,220298,Meghban,989,26.3972343,85.8307059,26.406702,85.8494339,26.3872451,85.8187333
207,1091,220299,Rajban,159,26.3862436,85.832626,26.3893259,85.8428113,26.3813075,85.8264315
207,1091,220300,Pali,2087,25.490061,84.9856546,25.4961527,84.9983217,25.4825706,84.9722212
207,1091,220301,Damaodarpur,610,26.4107865,85.8921123,26.421566,85.9122849,26.3986758,85.8614274
207,1091,220302,Ahpur,373,26.4046022,85.8818829,26.4137039,85.8904801,26.4000187,85.873001
207,1091,220303,Ganguli,926,26.3928192,85.8818829,26.405201,85.8935242,26.3859024,85.8692091
207,1091,220304,Balia,751,25.39925,86.355409,0,0,0,0
207,1091,220306,Andhri,1083,26.2198753,86.0198103,26.2275446,86.030716,26.2109375,85.985893
207,1091,220307,Kataia,1399,26.563057,84.079641,0,0,0,0
207,1091,220308,Bankata,592,26.4208395,85.8831617,26.4269809,85.8992996,26.4116133,85.8680571
207,1091,220309,Behata,1378,26.4402409,85.8921123,26.4468581,85.9001738,26.4336106,85.8864034
207,1091,220310,Benipatti,3105,26.4465698,85.9074526,26.4565117,85.9273768,26.4364833,85.8969551
207,1091,220311,Parsauna,2120,25.8729865,85.0934624,25.8791923,85.1058121,25.8398437,85.0769805
207,1091,220312,Erua,333,26.424311,85.9534465,26.4296492,85.9617615,26.4078713,85.9448394
207,1091,220313,Parkhauli Tikuli,620,26.4187073,85.9636618,26.429634,85.9739533,26.4149532,85.9565505
207,1091,220314,Atrauli,571,24.9537789,83.7564317,24.954855,83.7574921,24.9467258,83.7538146
207,1091,220315,Dhagjara,1203,26.435949,85.9483381,26.4435958,85.9636688,26.4258632,85.9420015
207,1091,220316,Chanpura,352,26.4319824,85.8102212,26.4538765,85.8339157,26.4107647,85.7994613
207,1091,220317,Chatra,820,26.458147,85.9521694,26.4622077,85.96154,26.4464912,85.9450531
207,1091,220318,Akuli,312,26.4475861,85.9432291,26.4591579,85.9489975,26.4405231,85.937477
207,1091,220319,Depura,945,25.7741874,86.8646909,25.7841109,86.8767548,25.7683028,86.8573228
207,1091,220320,Barhampura,764,25.5933018,84.2963392,25.6106872,84.31678,25.579237,84.2760391
207,1091,220321,Dumra,483,25.0458808,83.9664886,25.0516756,83.9793013,25.0335827,83.9578323
207,1091,220322,Akaur,1202,26.4912976,85.9518575,26.4985193,85.9674758,26.4684315,85.9325788
207,1091,220323,Nagwas,957,26.4779012,85.9738752,26.4871729,85.9836578,26.4664707,85.9604569
207,1091,220324,Karhi,1980,26.4603739,85.9789811,26.486885,85.9915008,26.4479198,85.9585646
207,1091,220325,Naokarhi,955,26.4470127,85.9751517,26.4547176,85.9807579,26.4389361,85.9588128
207,1091,220328,Ektara,614,26.4432728,85.9993997,26.4533195,86.0094146,26.435547,85.9853822
207,1091,220329,Mahua,224,25.8147343,85.3969353,0,0,0,0
207,1091,220332,Paraul,699,26.4572219,86.0146043,26.463314,86.0332031,26.4375857,86.0070725
207,1091,220333,Parjuar,2560,26.4669778,86.0045031,26.4815763,86.0272139,26.4421044,85.987526
207,1091,220334,Dhanga,1532,26.4618839,86.0451419,26.4657948,86.0510485,26.4577566,86.0395755
207,1091,220337,Jhonjhi,456,26.4495362,86.0229057,26.452206,86.0262908,26.4275703,85.9990846
207,1091,220338,Mureth,1339,26.4323406,86.0300126,26.4402331,86.0498044,26.4206466,86.0206454
207,1091,220339,Bijalpura,915,26.4161035,86.0287374,26.4234123,86.0378648,26.4057215,86.021126
207,1091,220340,Kapasia,1215,25.0512526,84.2133876,25.0574397,84.2246397,25.0416431,84.2021712
207,1091,220342,Pauna,457,25.5940947,85.1375645,25.6564425,85.2687289,25.5596324,85.017357
207,1091,220343,Nagdah Balain,1710,26.4273777,86.0192126,0,0,0,0
207,1091,220344,Kusmaul,355,26.4255992,85.9993997,26.4359341,86.0105286,26.417118,85.9943084
207,1091,220347,Anrer,3690,26.4046223,85.986639,26.4448184,86.0002441,26.3895109,85.9641951
207,1091,220348,Bhaduli,505,26.4113788,85.9649386,26.4168206,85.9726944,26.4038257,85.9556884
207,1091,220349,Baijalpur,260,25.0834629,84.6806003,25.0958194,84.7024002,25.0697097,84.6618422
207,1092,220351,Sibaul,770,26.3676685,85.8780463,26.3715246,85.8880918,26.3602541,85.871872
207,1092,220352,Rathos,1743,26.368811,85.866535,26.3804301,85.8857497,26.3525749,85.8560027
207,1092,220353,Bardaha,742,26.3302855,87.5272212,26.351511,87.5404281,26.3146972,87.5119777
207,1092,220354,Madhpur,124,26.1779962,85.8671746,26.1803263,85.8718033,26.1747799,85.8618622
207,1092,220355,Jagban,2346,26.3565122,85.8414056,26.3708572,85.8668363,26.3460388,85.826538
207,1092,220356,Hiropatti,446,26.3485894,85.8294259,26.3558482,85.8385389,26.3437347,85.8226165
207,1092,220357,Janipur,500,25.6924354,85.208324,25.701838,85.2445677,25.6738175,85.1956908
207,1092,220358,Madhopur,153,26.3431608,84.4500844,26.3473928,84.4555306,26.3366146,84.4449198
207,1092,220359,Sarsoti,348,26.3464568,85.8575801,26.3489914,85.8616409,26.3425521,85.8497469
207,1092,220360,Tisi Narsam,3000,26.356105,85.8852868,26.3689594,85.9014891,26.3461913,85.8734739
207,1092,220361,Damla,806,30.0895918,77.2117733,30.100726,77.2284374,30.0742996,77.1993683
207,1092,220362,Baingra,836,26.4916244,85.8358259,26.5001317,85.842964,26.4754256,85.8259583
207,1092,220363,Balha,1097,26.0618289,86.1589952,26.0658177,86.1669539,26.0579024,86.1518251
207,1092,220364,Marwa,382,25.4042985,86.9235958,25.4110941,86.9310504,25.4000768,86.9162581
207,1092,220365,Chahuta,2010,26.3145941,85.8255855,26.3302822,85.8343888,26.2925472,85.8177564
207,1092,220366,Gorhaul,640,26.2984984,85.8294259,26.3053818,85.8417281,26.290674,85.8189466
207,1092,220368,Sadullahpur,1191,25.9043952,85.1505291,25.9139118,85.1623078,25.8923815,85.1322937
207,1092,220369,Dudhail,503,26.3081416,85.8700527,26.3106364,85.874855,26.3042087,85.867363
207,1092,220370,Raghauli,1597,26.3082252,85.8601388,26.3137473,85.8701096,26.3025778,85.8545381
207,1092,220371,Usauth,570,26.3033804,85.871012,26.3095168,85.8776625,26.3011664,85.866455
207,1092,220373,Singhia,4505,25.8412119,86.1605994,25.8535564,86.174088,25.8352906,86.1466863
207,1092,220374,Singhaso,2408,26.2992636,85.9074526,26.3139572,85.9237977,26.2920645,85.8927001
207,1092,220375,Chaparia,863,26.3113417,85.917677,26.3188247,85.9288255,26.3012868,85.9104233
207,1092,220376,Nurchak,3111,25.2164172,84.8678686,25.2210692,84.8705141,25.213667,84.8651809
207,1092,220377,Bisfi,2832,26.3192357,85.8844404,26.3369483,85.9042969,26.3010234,85.8651123
207,1092,220378,Bherwa,1430,26.3397887,85.8818829,26.3499145,85.8898619,26.3341216,85.8728941
207,1092,220379,Sakrari,407,26.3415909,85.8933908,26.3488998,85.9033052,26.3341655,85.8884202
207,1092,220380,Parohi,549,26.3586704,85.8991232,26.363534,85.9059907,26.3493638,85.8932161
207,1092,220381,Patauna,855,25.2956083,84.8294211,25.305107,84.8354875,25.2881736,84.8233108
207,1092,220382,Usrahi,478,26.3637188,85.9084587,26.3675668,85.9137282,26.3609805,85.9042986
207,1092,220383,Parsauni,4187,26.393841,85.917677,26.3982895,85.9224845,26.3807977,85.9085369
207,1092,220385,Raghopur,736,25.5338122,85.3835124,25.5425758,85.4017407,25.5260985,85.3663711
207,1092,220386,Nahar Rupauli,2785,26.3572219,85.9308393,26.3692435,85.9503706,26.340845,85.9105073
207,1092,220387,Sohans,1276,26.4007449,85.9534465,26.4103812,85.9693984,26.3861255,85.9424741
207,1092,220388,Raghepura,1131,26.4048394,85.9419518,26.4107818,85.9487608,26.3968695,85.9377642
207,1092,220389,Ajnauli,550,26.4068646,85.933551,26.4114511,85.9432981,26.3860169,85.9277037
207,1092,220390,Bajraha,331,26.3826364,85.9381197,26.3922673,85.9482345,26.3751468,85.9211884
207,1092,220391,Genaur,917,26.381055,85.9342873,26.3828738,85.9390067,26.3770299,85.9312176
207,1092,220392,Kerwar,976,26.3830689,85.9534465,26.3955041,85.9606095,26.3732433,85.9374542
207,1092,220394,Jafra,1031,25.1749087,85.3642427,25.1823312,85.3809663,25.1699294,85.3606719
207,1092,220395,MokAdampur,172,26.3882407,85.9802575,26.3940581,85.9879533,26.3855037,85.9709015
207,1092,220396,Belaunja,872,26.3824911,85.9853628,26.3913803,85.9931258,26.3766651,85.9779737
207,1092,220397,Chandarbana,235,26.3456993,85.9342873,26.3509217,85.9404524,26.342718,85.9264449
207,1092,220398,Bhagauti,492,26.3395169,85.9240662,26.3439463,85.9304124,26.333435,85.9173735
207,1092,220399,Marhia,398,27.0723252,84.4303959,27.0876369,84.4531017,27.0595474,84.4126814
207,1092,220401,Khairi Banka,3540,26.3414631,85.9387405,0,0,0,0
207,1092,220402,Dhepura,947,26.310914,85.9547235,26.3141504,85.9584848,26.3081589,85.9513071
207,1092,220403,Aunsi Babhangawan,2925,26.3200286,85.950002,0,0,0,0
207,1092,220404,Bhoj Paraul,1743,26.3419633,85.9585544,26.3495617,85.9766157,26.3206299,85.939819
207,1092,220405,Simri,2196,26.0057905,86.3494438,26.0100853,86.3566159,26.0008286,86.3443422
207,1092,220407,Salempur,490,25.0359363,84.8424571,25.0424901,84.8487777,25.0310668,84.8352661
207,1093,220408,Chandar Senpur,894,26.3720007,85.9789811,26.3788205,85.9872207,26.3589344,85.9721228
207,1093,220409,Dhelpurwa,335,26.3797586,85.9930198,26.3816737,85.996887,26.3763713,85.9907685
207,1093,220410,Satlakha,322,26.3857221,85.9955719,26.3896943,86.0106582,26.3802566,85.9899826
207,1093,220411,Tala lak Sayar,242,26.3859353,86.0032273,26.3899173,86.0059051,26.3825492,85.9978561
207,1093,220413,Hasanpur,1530,25.7466849,86.2031426,25.7565554,86.2180631,25.7320803,86.1927184
207,1093,220415,Kakraul,3230,26.3462645,86.0070547,26.365856,86.0339051,26.3299713,85.974693
207,1093,220416,Kharauwa,778,26.3425357,85.9789811,26.3499832,85.9954604,26.3343048,85.9665527
207,1093,220417,Jagat,310,26.4444021,85.8831617,26.4512004,85.8906402,26.4385223,85.8764876
207,1093,220423,Gajwa Basauli,132,26.331829,85.9649386,26.3339672,85.971672,26.3266505,85.957245
207,1093,220424,Basauli,2427,26.3247122,85.9738752,26.3409901,85.9969559,26.3135758,85.9541853
207,1093,220426,Ijra,2643,26.3058036,86.0060222,26.3238315,86.0306929,26.2916202,85.9965973
207,1093,220427,Malangia,786,26.3268515,86.0300335,26.3302876,86.037178,26.3055171,86.0124814
207,1093,220428,Dumri,1129,25.6228212,84.1843932,25.6295709,84.1932965,25.6190845,84.1773319
207,1093,220429,Harirampatti,348,26.3357966,86.0280998,26.3440188,86.0331269,26.3299694,86.0241621
207,1093,220430,Kokri,868,26.3497058,86.0249117,26.3632734,86.035103,26.3422297,86.0179518
207,1093,220431,Rahika,2453,26.3785911,86.0203361,26.3864877,86.0253525,26.3683405,86.0122204
207,1093,220432,Pokhrauni,883,26.3983569,86.026187,26.4036325,86.0319614,26.3945606,86.0215329
207,1093,220433,Saurath,1116,26.3972711,86.0402129,26.4072455,86.0459517,26.3863339,86.0363388
207,1093,220434,Jagatpur,2120,26.3682282,86.0555095,26.3858929,86.0757904,26.3560619,86.0321351
207,1093,220435,Dhanuki Jagatpur,164,26.3662993,86.038938,26.369108,86.0424347,26.3631763,86.0333021
207,1093,220436,Sapta,1685,26.3609666,86.059333,26.368314,86.068624,26.358146,86.05092
207,1093,220438,Bhachhi,1690,26.338621,86.0504111,26.3545303,86.0652007,26.3326626,86.0300827
207,1093,220439,Lachhminagar,148,26.3456879,86.0663419,26.3475245,86.0698471,26.3429375,86.0620038
207,1093,220440,Kamat Bhawanipur,695,26.3577188,86.0752609,26.3657187,86.0786208,26.35223,86.0706788
207,1093,220441,Jitwarpur,670,26.3842032,86.0739869,26.3878621,86.0779882,26.3790964,86.0692226
207,1093,220445,Kanail,365,26.3933776,86.059333,26.3999519,86.0660553,26.3892725,86.0498657
207,1093,220446,Nazirpur,603,25.7244341,85.8204646,25.7318992,85.8362044,25.7135238,85.8048857
207,1093,220447,Srichand,282,26.4026349,86.0746239,26.4096031,86.0820616,26.3971462,86.0688171
207,1093,220448,Baharban,457,26.4085968,86.077172,26.4182891,86.0854035,26.4006347,86.0692292
207,1093,220449,Bhavara,1736,26.3272519,86.0657047,26.3344579,86.0785609,26.315881,86.05141
207,1093,220450,Bhakhrauli,680,25.6217789,84.3844304,25.6301938,84.3925017,25.6151561,84.3750993
207,1093,220451,Katai,277,26.2834818,85.7692277,26.2890071,85.7940062,26.270237,85.7565918
207,1093,220452,Khanjipur,184,26.3162029,86.038938,26.3227404,86.0411987,26.3077011,86.0345917
207,1093,220453,Basuara,1221,26.3165531,86.0516858,26.3267727,86.068779,26.3067856,86.0375213
207,1093,220454,Khajuri,850,25.4663447,84.9830542,25.4680578,84.9851531,25.4614152,84.9778298
207,1093,220456,Kajiana,156,26.3105887,86.0491365,26.3126584,86.0534513,26.3007754,86.0426863
207,1093,220458,Fatehpur,209,26.4003205,84.2581695,26.4081681,84.2638063,26.392408,84.2552663
207,1093,220461,Semuara,714,24.9623486,84.8098616,24.9766272,84.8367842,24.9534605,84.8012007
207,1093,220462,Dangar Bhitthi,339,26.2859892,86.0657047,26.3091163,86.0787276,26.2804393,86.0537339
207,1093,220464,Birsar,422,26.274952,86.0533933,26.2792129,86.0625,26.2684345,86.0458753
207,1093,220465,Samaul,564,26.2870795,86.0516858,26.2910102,86.0548997,26.2822951,86.0458553
207,1093,220466,Sundarpur Bhitthi,1046,26.289677,86.038938,26.2958197,86.0455013,26.2841997,86.0318434
207,1093,220467,Lakhanpatti,199,26.2963614,86.0408503,26.2989361,86.0435701,26.2944732,86.0384845
207,1093,220468,Nima,376,25.466841,85.1297844,25.4726238,85.1384886,25.4562512,85.1190721
207,1093,220469,Belam,471,26.2903412,86.009606,26.2993029,86.022995,26.2854651,86.0011369
207,1093,220470,Balia,861,25.39925,86.355409,0,0,0,0
207,1093,220471,Sonaur,865,26.2612883,86.0249117,26.2700995,86.0326764,26.255127,86.0176619
207,1093,220473,Sankarpur Gandhwar,168,26.2629526,86.005141,26.265541,86.0124891,26.2591801,86.0038146
207,1093,220475,Gandhwar,803,26.2530388,86.0144078,26.2677898,86.0410843,26.2457353,86.0118941
207,1093,220476,kajiana,325,26.3105887,86.0491365,26.3126584,86.0534513,26.3007754,86.0426863
207,1093,220477,Mominpur,730,25.3244696,85.2955242,25.3382244,85.3029097,25.314785,85.2898179
207,1093,220478,Mohiuddipur,489,26.2622682,86.0606074,26.2778397,86.0724716,26.2504727,86.0437699
207,1093,220479,Bhagirathpur,167,25.9945223,85.7692277,25.999731,85.7742767,25.9890767,85.7620392
207,1093,220481,Lachhmipur,436,26.6158818,84.8620054,26.6408614,84.8937224,26.6063994,84.853874
207,1093,220482,Maksuda,2403,26.2384053,86.0504111,26.2511039,86.063295,26.2300002,86.0402441
207,1093,220483,Dahibhat Dih,219,26.2543527,86.0676161,26.256468,86.0706712,26.2519698,86.065017
207,1093,220484,Salempur,275,25.0359363,84.8424571,25.0424901,84.8487777,25.0310668,84.8352661
207,1093,801299,Madhubani (Nagar Parishad),13583,26.3436651,86.0697799,0,0,0,0
207,1094,220487,Mohanpur,1507,25.7195518,86.015984,25.7230034,86.0188138,25.7160339,86.0137023
207,1094,220488,Bhitthi,427,26.296757,86.0822677,26.2994603,86.0865069,26.2944538,86.0779131
207,1094,220489,Sagarpur,1488,26.2392394,86.0809938,26.2468892,86.0866785,26.2285662,86.0623991
207,1094,220491,Makrampur,1930,26.2110895,86.0462172,26.2303732,86.0639954,26.2042675,86.029709
207,1094,220492,Narpatnagar,1692,26.202746,86.0402129,26.2101096,86.0604782,26.1900805,86.0245208
207,1094,220493,kanakpur,209,26.4251062,88.1437782,26.4507884,88.1657334,26.4046325,88.1315306
207,1094,220494,Mohanbariam,1578,26.2197636,86.0695274,26.2268429,86.0795517,26.2044296,86.0607529
207,1094,220495,Sakuri,3112,26.7338233,84.9960547,26.745535,85.007065,26.7202567,84.9820403
207,1094,220496,Bikrampur Balia,1098,26.2045477,86.1064655,26.2142639,86.1222304,26.1931894,86.0867539
207,1094,220499,Bhawanipur,2021,26.4646838,86.9974385,26.4763393,87.0087736,26.4516104,86.9849014
207,1094,220501,Pandaul,6590,26.2566339,86.0835682,26.2718789,86.0920214,26.2410383,86.0633646
207,1094,220505,Shubhankarpur,260,26.1556742,85.8857191,26.162758,85.889659,26.150726,85.879993
207,1094,220506,Shankarpur,208,26.0311984,86.8685324,26.0353582,86.8709608,26.0275473,86.8640639
207,1094,220508,Harpur,257,25.4408945,84.0520934,25.4428483,84.0536928,25.4375777,84.0492297
207,1094,220509,Harpur,210,25.4408945,84.0520934,25.4428483,84.0536928,25.4375777,84.0492297
207,1094,220510,Andah (Khajuri),113,26.2988693,86.0516858,26.3053129,86.061809,26.2944539,86.0400939
207,1094,220512,Majhaul,722,25.5552288,86.1332915,0,0,0,0
207,1094,220513,Kalyanpur,181,25.9571835,85.7788384,25.9594029,85.7828604,25.9548471,85.7761546
207,1094,220520,Bhaur,1906,26.3545205,85.6425607,26.3592797,85.6490324,26.3488145,85.6336933
207,1094,220522,Bhaur,203,26.3545205,85.6425607,26.3592797,85.6490324,26.3488145,85.6336933
207,1094,220523,Gurmha,350,26.2598114,86.1331971,26.2684575,86.1405181,26.2500611,86.1219864
207,1094,220524,Belahi,1286,26.2761276,86.1370148,26.2853451,86.1576612,26.2574137,86.1240387
207,1094,220525,Belahi,134,26.2761276,86.1370148,26.2853451,86.1576612,26.2574137,86.1240387
207,1094,220526,Fatehpur Ekdiha,375,26.2772256,86.1230153,26.2816828,86.12928,26.2713355,86.1179961
207,1094,220527,Pacharhi,387,26.2834523,85.9738752,26.2912195,85.9851377,26.2751579,85.966728
207,1094,220529,Dahibhat Madhopur,3143,26.2774936,86.0784459,26.2954349,86.0879123,26.2694137,86.0652316
207,1094,220530,Dahibhat Narottam,621,26.2866827,86.091184,26.2951336,86.0997999,26.2752438,86.0865927
207,1094,220532,Sripur Hati,2967,26.3123083,86.0863311,0,0,0,0
207,1094,220533,Az Rakbe Nawhath,123,26.3125971,86.1230153,26.3166446,86.1267776,26.3095644,86.1171417
207,1094,220534,Nawhath,695,26.3125971,86.1230153,26.3166446,86.1267776,26.3095644,86.1171417
207,1094,220535,Khangaon,730,25.5191891,84.7499604,25.5325284,84.7594358,25.5092529,84.7413494
207,1094,220536,Ruchaul,495,26.2246138,86.0312878,26.2291813,86.0380632,26.2111166,86.0142747
207,1094,220537,Bathne,906,26.299846,86.1421046,26.3119354,86.1549985,26.2900391,86.1311339
207,1094,220538,Kamlabari,367,26.2870966,86.1338334,26.2892322,86.1373976,26.2849615,86.1305465
207,1094,220539,Udaypur Bitthwar,2412,26.2914788,86.1599149,26.3048667,86.1702117,26.2777653,86.134636
207,1094,220541,Baraghoria,335,26.2844139,86.1713611,26.2934304,86.1784669,26.2777977,86.1624223
207,1094,220542,Baluaha,210,25.8830201,86.4566801,25.890056,86.461265,25.8763881,86.4481759
207,1094,220543,Bihnagar,779,26.2832436,86.1828047,26.2903136,86.1934662,26.2739962,86.1723939
207,1094,220545,Dabhari,647,26.2698091,86.1764475,26.2784786,86.187996,26.2633856,86.1568527
207,1094,220547,Sankorth,1030,26.2566436,86.1802619,26.2645244,86.1900558,26.2428932,86.1645967
207,1094,220548,Rampur,317,27.0592413,84.5458072,27.0733795,84.5552213,27.0524405,84.5282364
207,1094,220550,Madhopur,324,26.3431608,84.4500844,26.3473928,84.4555306,26.3366146,84.4449198
207,1094,220551,Isahpur,319,26.2430052,86.1662742,26.2490309,86.1740648,26.2379017,86.1577606
207,1094,220553,Gangauli,345,25.6837932,84.1880668,25.686325,84.2065658,25.6690292,84.1827926
207,1094,220554,Sarso,3843,26.2312094,86.1708431,0,0,0,0
207,1094,220555,Salempur,1003,25.0359363,84.8424571,25.0424901,84.8487777,25.0310668,84.8352661
207,1094,220556,Biraul,1189,25.9426399,86.2437941,25.9542198,86.2573581,25.9339454,86.2282563
207,1094,220557,Nahar,994,26.3007955,86.177719,26.3082734,86.192375,26.2902907,86.1658477
207,1094,220558,Bhagwatipur,1187,26.3081983,86.1789905,26.3122596,86.1931302,26.3041534,86.1676328
207,1094,220560,Haidarpur,538,26.305923,86.2044135,26.3093051,86.2148668,26.3010063,86.193016
207,1094,220561,Bijai,583,26.80031,85.0908671,26.8125075,85.1143266,26.7855013,85.0753098
207,1095,220562,Mangrauni,3089,26.3379491,86.0797199,26.344603,86.083915,26.3309301,86.075143
207,1095,220563,Belhwar,1421,26.3926359,86.0860891,26.4007148,86.103035,26.3834685,86.0761565
207,1095,220564,Thika Keonta,132,26.400175,86.0924576,26.4047469,86.1057206,26.3955842,86.0824125
207,1095,220565,Sipipatti,792,26.4062059,86.0975518,26.4124107,86.1089098,26.4002876,86.0837784
207,1095,220566,Andipatti,373,26.3901307,86.0752609,26.392229,86.0767747,26.3877334,86.0725404
207,1095,220567,Madhubani Tol,177,26.4066203,86.1128314,26.4113273,86.1179428,26.3981628,86.1037977
207,1095,220568,Meran,376,26.4112805,86.1217424,26.4215144,86.1360246,26.4047679,86.1056443
207,1095,220569,Gauri Meran,204,26.4249156,86.1357423,26.4282282,86.1384506,26.418783,86.131027
207,1095,220570,Lala pur,557,26.4281353,86.1459216,26.4339561,86.1617278,26.4201239,86.1336288
207,1095,220572,Karahia,3769,25.8004251,86.7139704,25.8184775,86.7279283,25.7942886,86.6969071
207,1095,220573,Pariharpur,2524,26.3878472,86.1268337,26.4024925,86.1548842,26.3637332,86.1019209
207,1095,220575,Raghuni Dehat,1119,26.3811274,86.0962783,26.3938846,86.1149825,26.3646945,86.0733795
207,1095,220576,Az Rakbe Mangrauni,250,26.3714992,86.094368,26.3741721,86.1081238,26.3613699,86.0905533
207,1095,220577,Magarpatti,180,26.3647189,86.1160141,26.3706284,86.1209413,26.3599797,86.1120378
207,1095,220578,Pilakhwar,1195,26.3520745,86.1115583,26.3668193,86.1260223,26.3384686,86.0926665
207,1095,220579,Ranti,1937,26.3326339,86.1047692,0,0,0,0
207,1095,220580,Koilakh,1937,26.3276603,86.1904324,26.3429088,86.2093887,26.3052196,86.1732636
207,1095,220581,Rampura,161,27.0592413,84.5458072,27.0733795,84.5552213,27.0524405,84.5282364
207,1095,220582,Chaudhurana,141,26.3265695,86.1770832,26.3322639,86.181755,26.3216705,86.1723784
207,1095,220583,Parsa,651,25.8141503,84.9054534,0,0,0,0
207,1095,220584,Rampatti,1554,26.3178033,86.1522827,26.3376071,86.1688347,26.3067663,86.1353939
207,1095,220585,Kaithahi,1846,26.3356232,86.1573709,26.3509389,86.1740722,26.3225725,86.1459427
207,1095,220586,Raghubirchak,632,26.3278125,86.1408322,26.3317831,86.1450652,26.3254203,86.1361616
207,1095,220587,Mahinathpur,1014,26.3260313,86.1293792,26.3391475,86.1367873,26.3144167,86.114601
207,1095,220588,Raghopur Balat,1739,26.3468665,86.1370148,26.3630143,86.1479567,26.3320675,86.121437
207,1095,220589,Bheria Bishunpur,1013,26.3644111,86.1319245,26.3745689,86.1470643,26.3537807,86.1205748
207,1095,220590,Nabtoli,127,26.3691389,86.143377,26.3712253,86.1471176,26.3633822,86.1417158
207,1095,220591,Sonwari,224,26.3777056,86.1331971,26.3813093,86.1446761,26.3725796,86.1285935
207,1095,220593,Az Rakbe Simri,410,26.3761269,86.1567349,26.3785609,86.160881,26.3739472,86.1508864
207,1095,220594,Mirzapur,495,25.3175486,85.2137191,0,0,0,0
207,1095,220595,Chichri Buzurg,767,26.3845528,86.1688177,26.392128,86.1765138,26.376131,86.1604384
207,1095,220596,Ghiwahi,247,25.8963292,86.0555095,25.9097575,86.066078,25.8841629,86.042839
207,1095,220597,Simri,2050,26.0057905,86.3494438,26.0100853,86.3566159,26.0008286,86.3443422
207,1095,220598,Singiaun,599,25.8412119,86.1605994,25.8535564,86.174088,25.8352906,86.1466863
207,1095,220599,Kunwar,247,26.3476831,86.167546,26.357193,86.1746062,26.3400955,86.1635285
207,1095,220600,Pachdahi,312,26.3502609,86.1797773,26.3547877,86.1827773,26.3479137,86.1729659
207,1095,220601,Nakati,613,26.3585721,86.1891612,26.3644365,86.1947608,26.3532911,86.1819774
207,1095,220602,Ratikar,694,26.3442399,86.2044135,26.350689,86.2132874,26.3342799,86.1939009
207,1095,220603,Mahuahi,309,25.1793029,84.3160725,25.1843491,84.3222885,25.1748238,84.3126372
207,1095,220604,KhatuKharika,138,26.3504021,86.2145791,26.3558865,86.2203751,26.3454971,86.2104416
207,1095,220606,Baht simar,1529,26.3605496,86.2082258,26.3799228,86.2299268,26.3446332,86.1861189
207,1095,220607,Ladugaon,338,26.3554228,86.1815333,26.3642691,86.188339,26.3527107,86.1662367
207,1095,220609,Barahra Dakhli,121,26.3615865,86.1917035,26.3638571,86.2014236,26.356285,86.1874847
207,1095,220610,Barhara,463,25.6889818,84.7237198,25.6948585,84.7437742,25.6785087,84.7183456
207,1095,220611,Barhara,301,25.6889818,84.7237198,25.6948585,84.7437742,25.6785087,84.7183456
207,1095,220612,Majhuara,181,26.3717996,86.1878899,26.3788757,86.1926115,26.3636647,86.1786803
207,1095,220613,Lagadih,306,26.3813598,86.1872543,26.3857671,86.1915052,26.3780899,86.1832429
207,1095,220614,Bakuar,275,26.3794023,86.1967879,26.3864363,86.2005845,26.374485,86.1888732
207,1095,220615,Thikaha,248,26.3796039,86.2044135,26.3874834,86.2091751,26.3723754,86.1998672
207,1095,220617,Chichrikanungoe,1559,26.3845528,86.1688177,26.392128,86.1765138,26.376131,86.1604384
207,1095,220619,Patpara,4261,25.7865303,85.9278993,25.8068236,85.9420015,25.7699834,85.916008
207,1095,220620,Ekma,523,25.9651053,84.5353247,25.9713502,84.5444644,25.9577612,84.5262691
207,1095,220621,Beraghat,857,26.4076973,86.2082258,26.4158707,86.2204209,26.4025706,86.2020951
207,1095,220623,Sugauna,2508,26.4021668,86.2210436,0,0,0,0
207,1095,220624,Nizamat,246,26.3624577,86.2247428,26.3686868,86.2318648,26.3573417,86.2189865
207,1095,220625,Satghara (CT),1716,26.4230241,86.2635707,26.4285132,86.273008,26.4191246,86.2589921
207,1096,220626,Bithauni,485,26.3967127,86.2387144,26.4058075,86.2441023,26.3855532,86.2280044
207,1096,220628,Chapahi,616,26.369438,86.2380794,26.3731059,86.2448044,26.3671911,86.2313612
207,1096,220629,Gangdwar,1142,26.3906863,86.2336343,26.3968321,86.239988,26.3849254,86.2216868
207,1096,220630,Sihoria,632,25.3809558,86.009606,25.3892409,86.0214472,25.368807,85.9968138
207,1096,220631,Bedauli,408,25.5619681,84.8450639,25.5653037,84.8676759,25.5572528,84.8380125
207,1096,220632,Deohar,810,26.4077215,86.265377,26.4122424,86.2714076,26.4019411,86.2614941
207,1096,220633,Gonauli,1294,26.804705,84.577741,26.8069934,84.5801897,26.8011702,84.57266
207,1096,220634,kosbagaur,208,26.398033,86.2894882,26.402277,86.293129,26.3886777,86.2815322
207,1096,220635,Nikta,150,26.3938419,86.2983683,26.3992558,86.3082352,26.3913992,86.2903365
207,1096,220636,Singiaun,238,25.8412119,86.1605994,25.8535564,86.174088,25.8352906,86.1466863
207,1096,220637,Marukia,865,26.3986859,86.314856,26.4062576,86.3235778,26.3871651,86.3022538
207,1096,220638,Dhagjari,267,25.8151449,86.5829699,25.8224774,86.597105,25.8021698,86.5686798
207,1096,220639,Pastan,987,26.3997355,86.2983683,26.4041513,86.3107181,26.3930615,86.2892818
207,1096,220640,Gaur Andrha,646,26.3732785,86.3009052,26.378084,86.3102416,26.3673991,86.2908094
207,1096,220642,Basua,121,26.268524,85.6139333,26.2704623,85.6178499,26.2655364,85.6111336
207,1096,220643,Dumra,1141,25.0458808,83.9664886,25.0516756,83.9793013,25.0335827,83.9578323
207,1096,220644,Barsam,903,25.748228,86.8257994,25.7538456,86.8311524,25.7433317,86.8212606
207,1096,220645,Rakhwari,2166,26.3566438,86.2844131,26.3674177,86.2942601,26.3505751,86.2780381
207,1096,220646,Mangrauni,503,26.3379491,86.0797199,26.344603,86.083915,26.3309301,86.075143
207,1096,220647,Siwa,1164,26.2243204,84.3599953,26.245119,84.3846545,26.2005175,84.3349879
207,1096,220648,Ghoghraria,247,26.3618802,86.25903,26.3727607,86.2631607,26.3508969,86.2496718
207,1096,220649,Rajanpura,431,26.0718306,84.3681255,0,0,0,0
207,1096,220650,Tilai,395,25.7355471,82.001237,0,0,0,0
207,1096,220651,Mailam,567,26.3434011,86.2285536,26.3539332,86.2409898,26.3376902,86.2198181
207,1096,220652,Sujaul,743,26.3359995,86.2272833,26.33996,86.2350157,26.3284624,86.2223893
207,1096,220653,Bhaduar,310,26.3152477,86.2793375,26.319744,86.2845688,26.3100776,86.2723846
207,1096,220654,Harna,938,26.3033252,86.2742614,26.3147355,86.2881699,26.2968837,86.2613299
207,1096,220655,Mahrail,2663,26.2974294,86.2742614,26.3015618,86.2822973,26.2869702,86.2663972
207,1096,220656,Sisauni,356,26.5660903,85.9687688,26.5761604,85.9815597,26.5533543,85.9537124
207,1096,220657,Karnpur,735,26.0864352,86.5678321,26.0954303,86.5896836,26.0757598,86.5528106
207,1096,220658,Harri,2379,26.3284452,86.3053445,26.3330569,86.3107609,26.3248451,86.2997532
207,1096,220659,Gandhraen,423,26.3155096,86.2894882,26.324728,86.3143539,26.2984237,86.2794571
207,1096,220661,Bhabham,240,26.320225,86.3009052,26.3299713,86.3085781,26.3148344,86.2942201
207,1096,220662,Rudrapur,1121,26.3502858,86.3237317,26.3551879,86.331024,26.3443835,86.320653
207,1096,220663,Nabnagar,576,24.6067913,84.1274624,0,0,0,0
207,1096,220664,Dumra Araji,163,26.3444556,86.3262673,26.3512993,86.332695,26.3405035,86.3221283
207,1096,220665,Andhra Tharhi,4739,26.3872877,86.3300705,26.3962713,86.3378942,26.373435,86.318121
207,1096,220666,Madna,274,26.376529,86.3706203,26.3877352,86.3831253,26.3642559,86.3603439
207,1096,220667,Jamaila,446,26.3643554,86.355418,26.3750133,86.3624037,26.3549462,86.3450239
207,1096,220669,Maini,276,25.5749824,87.1734497,25.581396,87.181961,25.5675888,87.1663664
207,1096,220670,Jalsain,1280,26.3434017,86.3427458,26.3663444,86.3609312,26.3310299,86.3278731
207,1096,220671,Madna,2125,26.376529,86.3706203,26.3877352,86.3831253,26.3642559,86.3603439
207,1096,220672,Nanaur,1596,26.3143211,86.476908,26.3237892,86.4854104,26.3088671,86.4686107
207,1096,220673,Alpura,553,26.3190791,86.3233593,26.3222837,86.3261776,26.3031902,86.3060836
207,1097,220674,kharrak,1290,25.3674628,87.0021512,25.3754143,87.0078569,25.3607377,86.9945377
207,1097,220675,Lohna,1671,26.2195836,86.2285536,26.2268992,86.2333187,26.214097,86.219884
207,1097,220676,Sarbsima,1189,26.2292167,86.2304589,26.2305353,86.2340392,26.2270908,86.2243497
207,1097,220678,Naruar,2197,26.2389158,86.2349044,26.2508825,86.2451113,26.222522,86.2253702
207,1097,220680,Mahinathpur,636,26.3260313,86.1293792,26.3391475,86.1367873,26.3144167,86.114601
207,1097,220681,Bali,745,25.0760924,85.6871451,25.0858573,85.697151,25.0701046,85.6810912
207,1097,220684,Jamthar,138,26.2378632,86.2228372,26.250492,86.2280272,26.2360172,86.2154312
207,1097,220686,Rupauli,766,25.5937025,87.1472765,25.6127642,87.1591568,25.5769405,87.1372375
207,1097,220687,Mohanpur,388,25.7195518,86.015984,25.7230034,86.0188138,25.7160339,86.0137023
207,1097,220688,Raiam,3462,26.2975327,86.0032273,26.3054256,86.0151671,26.2903861,85.9954148
207,1097,220689,Kothia Bharaul,1724,26.2815667,86.231094,26.2929173,86.2490537,26.2696952,86.201042
207,1097,220690,Ojhaul,121,26.1110759,85.8729305,26.1196002,85.8800123,26.0987873,85.8693086
207,1097,220691,Narayanpur,702,25.7959074,86.2793375,25.8046821,86.2913848,25.7859422,86.2685965
207,1097,220692,Nirbhapur,370,26.3177804,86.2069551,26.3222578,86.215759,26.3126202,86.1986236
207,1097,220693,jhaua,420,25.5929563,87.7910891,25.6083087,87.8078461,25.5815277,87.776451
207,1097,220694,Chaupta,221,26.3255835,86.2234724,26.3399085,86.2485732,26.3157596,86.2172852
207,1097,220695,Az Rakbe Chaupta,255,26.3237222,86.2368094,26.3313388,86.2400663,26.3157596,86.2339784
207,1097,220696,Kako,596,25.2267592,85.0636088,25.2310898,85.0695634,25.2211709,85.0595427
207,1097,220697,Shankarpur,394,26.0311984,86.8685324,26.0353582,86.8709608,26.0275473,86.8640639
207,1097,220698,Santnagar,457,26.3085618,86.2488732,26.3174438,86.2541275,26.3037338,86.2391052
207,1097,220699,Ramkhetari,326,26.3073191,86.2577605,26.3145599,86.2621459,26.2996006,86.2504959
207,1097,220700,Khaira,495,24.8715348,86.2071062,24.8853338,86.2174299,24.8638914,86.1879347
207,1097,220701,Khaira Shivottar,142,26.3247408,86.2476035,26.3289852,86.2507551,26.3182085,86.2451551
207,1097,220702,Walipur,471,25.251286,86.1395598,25.2652034,86.1566468,25.2359541,86.1272657
207,1097,220703,Imadpatti,359,26.3252031,86.265377,26.3309002,86.2750548,26.3198566,86.2582016
207,1097,220704,Banaur,402,26.3133465,86.2628383,26.3219051,86.2705764,26.3044299,86.2574541
207,1097,220707,Balni Mehath,823,26.2731861,86.2488732,26.2807882,86.2584076,26.2612168,86.233757
207,1097,220708,Sameya,412,26.2597536,86.2425242,26.2684136,86.2540739,26.2569789,86.2333297
207,1097,220710,Mohna,206,26.2617232,86.2901225,26.2650469,86.2935867,26.2585182,86.2850037
207,1097,220711,Mahespura,456,26.2697169,86.2856819,26.2754726,86.2951737,26.2636184,86.2781294
207,1097,220713,Mailchham,400,26.2936288,86.2983683,26.2996864,86.304947,26.2891692,86.2936858
207,1097,220715,Tajpur,430,25.8498572,85.6666046,25.8614394,85.6770572,25.8434326,85.6542173
207,1097,220716,Chora Mahrail,529,26.2924476,86.3097834,26.2998694,86.3169706,26.2855071,86.3027726
207,1097,220717,Rawarhi,196,26.2822912,86.316124,26.2889709,86.3227234,26.2790222,86.3106993
207,1097,220718,Sindurpura,121,26.2745876,86.331972,26.2796114,86.3375547,26.2701988,86.3236616
207,1097,220719,Kanakpura,130,26.2736406,86.3237317,26.277338,86.3302459,26.2664163,86.3189392
207,1097,220721,Chanauraganj,1250,26.2748881,86.314856,26.2898064,86.3240205,26.263649,86.2985685
207,1097,220722,Majhaura,405,26.0755904,86.1370148,26.0817547,86.1432112,26.0674115,86.1320113
207,1097,220723,Simra,1084,24.8529862,84.8124699,24.8613451,84.8342744,24.844015,84.7899094
207,1097,220724,Machhdhi,353,26.2615231,86.3110516,26.2658785,86.3202743,26.2588271,86.3041
207,1097,220725,Sukhet,1164,26.2510409,86.3047104,26.2606984,86.3219833,26.2409457,86.2912443
207,1097,220726,Godhanpur,1140,26.2378693,86.3085152,26.2422161,86.3232879,26.2305316,86.2929839
207,1097,220727,Sangram,2244,26.3032557,86.3475979,0,0,0,0
207,1097,220728,Pipraulia,407,26.7268858,83.2482881,0,0,0,0
207,1097,220729,Dhepura,214,26.310914,85.9547235,26.3141504,85.9584848,26.3081589,85.9513071
207,1097,220730,Bistaul,447,25.5067813,87.6716747,25.5176163,87.6780622,25.492689,87.6643293
207,1097,220731,Raghunandanpur,299,25.5288361,85.9572775,25.5332203,85.9607774,25.5139446,85.9462354
207,1097,220732,Kharaua,454,26.2819442,86.3604859,26.2909124,86.3712464,26.275196,86.3483884
207,1097,220733,Singdaha,220,25.4605171,86.054235,25.4747466,86.0584183,25.4544468,86.0490416
207,1097,220734,Sohpur,340,26.3017646,86.3573185,26.3053702,86.3619767,26.2994619,86.3530025
207,1097,220735,Parsa,613,25.8141503,84.9054534,0,0,0,0
207,1097,220737,Sirkharia,899,26.240664,86.3604859,26.2502671,86.3745498,26.2317714,86.3512508
207,1097,220739,Parmanandpur,134,25.7254536,85.1201474,25.7608222,85.1443863,25.7229663,85.1127148
207,1097,220740,Lawani,1341,26.0352492,86.1179236,26.03843,86.1210966,26.0287126,86.1103034
207,1097,801300,Jhanjharpur (NP),5904,26.26197,86.2769166,0,0,0,0
207,1098,220741,Lachhminia,450,25.4106633,86.328169,25.4151948,86.3325652,25.4080817,86.3213825
207,1098,220742,Chhojrena,883,26.3160958,86.5405338,26.3304327,86.5536803,26.2973401,86.5303497
207,1098,220743,Bhabtiahi,818,26.3243323,86.5249164,26.3382492,86.5380476,26.3116341,86.5124053
207,1098,220744,Parsa,3244,25.8141503,84.9054534,0,0,0,0
207,1098,220745,Bathnaha,543,26.6400936,85.5763299,0,0,0,0
207,1098,220746,Barhampur,3165,25.5933018,84.2963392,25.6106872,84.31678,25.579237,84.2760391
207,1098,220748,Bishunpur,587,25.7882434,85.3433404,25.7928504,85.34774,25.7821979,85.3364487
207,1098,220750,Konar,541,26.3138867,86.3997453,26.3202475,86.4104155,26.3081339,86.388359
207,1098,220751,khopa,270,26.307737,86.3896168,26.3112678,86.3969802,26.3038633,86.3791963
207,1098,220752,Ekhara,299,26.3134425,86.3820191,26.3173675,86.3894883,26.3091658,86.3734284
207,1098,220753,Pipraulia,286,26.7268858,83.2482881,0,0,0,0
207,1098,220754,Behrari,282,26.0546005,86.8606649,0,0,0,0
207,1098,220755,kiritpur,308,26.0596104,86.2304589,26.0622386,86.2371824,26.0572567,86.2249449
207,1098,220756,Az Rakbe Sudai,262,26.2873529,86.3997453,26.2970829,86.4043045,26.2783717,86.3951569
207,1098,220757,Az Rakbe Sudai,237,26.2873529,86.3997453,26.2970829,86.4043045,26.2783717,86.3951569
207,1098,220758,Sudai Ratauli,992,26.2856884,86.3814886,26.3096505,86.4171295,26.2747784,86.371025
207,1098,220759,Belmohan,870,26.465105,85.6858616,26.4794408,85.6980895,26.4510537,85.6812743
207,1098,220760,Sangi,1640,26.3029502,86.4237038,26.3210163,86.4477081,26.2836665,86.4141847
207,1098,220762,Tharbitia,281,26.2183798,86.6585897,26.2316608,86.6834563,26.2094498,86.6398392
207,1098,220763,Tilat,360,26.2891428,86.4421363,26.2929918,86.4446676,26.2865566,86.4398074
207,1098,220764,Mahadewa,363,25.0659059,84.3837735,25.0711702,84.3908103,25.0628206,84.3753004
207,1098,220765,Indarwa,539,26.733931,85.6717405,26.7412929,85.6800004,26.7269192,85.664116
207,1098,220766,Hulaspatti,418,26.2974537,86.4503572,26.3071098,86.4609602,26.2926444,86.4406125
207,1098,220767,Barhampur,1180,25.5933018,84.2963392,25.6106872,84.31678,25.579237,84.2760391
207,1098,220768,Baswari,1654,26.0074511,85.6576156,26.0194702,85.6619337,25.9994621,85.6504515
207,1098,220769,Pipra Kamalpur,251,26.2500668,86.5021814,26.2606068,86.523308,26.246748,86.4762041
207,1098,220770,Alola,273,26.2496984,86.4870189,26.2569293,86.5231016,26.2416878,86.4742123
207,1098,220771,Harari,602,26.237902,86.4870189,26.2457675,86.4965516,26.229124,86.4771959
207,1098,220772,Mainahi,991,26.2294838,86.504708,26.2427349,86.5259629,26.2184505,86.4899138
207,1098,220773,Baranjhula,640,26.2168419,86.5002863,26.2206668,86.5047988,26.213972,86.496788
207,1098,220774,Amahi,530,26.2165856,86.4947724,26.2231846,86.4974289,26.2140351,86.482414
207,1098,220775,Deonathpatti,520,26.5824629,85.6730244,26.5885296,85.6778026,26.5733298,85.6639022
207,1098,220776,Sarauti,1277,25.1967404,84.6662199,25.203886,84.6806029,25.1872195,84.6493837
207,1098,220777,Nighma,449,26.215258,86.4655308,26.2199383,86.4718246,26.2128372,86.4546127
207,1098,220778,Nawabakhar,610,26.2262453,86.4790917,26.2322769,86.4929887,26.222147,86.4652863
207,1098,220779,Dhanpat Barhi,122,26.2254877,86.4617379,26.2357844,86.4748458,26.2179756,86.4536133
207,1098,220780,Hatni,767,26.2434302,86.4718518,26.2642841,86.4812317,26.2288303,86.4644165
207,1098,220781,Pirojgarh,1513,26.2765023,86.437709,26.2826414,86.4481758,26.2683333,86.4280701
207,1098,220782,Kewatna,1158,26.26685,86.404264,26.2804089,86.4276124,26.2532997,86.3907319
207,1098,220783,Bishuharia,502,26.2475783,86.4010112,26.2559583,86.4056779,26.2441273,86.3903962
207,1098,220784,Chikna,932,26.2560415,86.421037,26.2655258,86.4311597,26.2449245,86.4039765
207,1098,220785,Bhirahar,266,25.0960742,85.3131194,27.5213199,88.289752,24.286278,83.3148651
207,1098,220786,Biraul,387,25.9426399,86.2437941,25.9542198,86.2573581,25.9339454,86.2282563
207,1098,220787,Rajuahi,321,26.247513,86.4579446,26.2535477,86.4627378,26.2426292,86.4514772
207,1098,220788,Sahorwa,422,26.2387279,86.4604735,26.2501487,86.4674225,26.2302341,86.4516372
207,1098,220789,Dhabghat,321,26.2266829,86.4503572,26.2324867,86.4570845,26.2179108,86.4408109
207,1098,801301,Ghoghardiha (NP),3257,26.2835025,86.4657543,26.2916966,86.4849985,26.2731483,86.4563141
207,1099,220790,Manmohan,226,26.5261589,86.0147084,26.5353165,86.0254059,26.5147035,86.0087509
207,1099,220791,Sonbarsa,418,25.6942734,86.7078725,0,0,0,0
207,1099,220793,Amarupi,116,26.226251,86.3800976,26.2287351,86.3826285,26.2193316,86.3684463
207,1099,220794,Biharpur,397,26.2332813,86.3904474,26.2371196,86.3920135,26.2298391,86.3828336
207,1099,220795,Nemua,445,26.239858,86.3870843,26.2486344,86.3970642,26.2331028,86.3800278
207,1099,220796,Bodai,237,26.2366551,86.3769533,26.2436619,86.3837891,26.2296582,86.3696897
207,1099,220797,Baswa,183,26.2298767,86.3712536,26.2324905,86.3775632,26.2274913,86.3652344
207,1099,220799,Ramauli,142,27.0341578,84.3923127,27.0409736,84.4012223,27.0305653,84.3846358
207,1099,220800,Tamoria,913,26.2464336,86.355418,26.2574024,86.3652205,26.2421797,86.3470243
207,1099,220801,Sonre,833,26.2528418,86.3756867,26.2621078,86.3913421,26.2429942,86.363144
207,1099,220802,Bishunpatti,254,26.3332125,84.6138973,26.3397598,84.6228484,26.3220959,84.5984038
207,1099,220803,Kachhwi,1942,26.2446983,86.3388575,0,0,0,0
207,1099,220804,Berma,1116,26.2633535,86.3249995,26.2733039,86.3371277,26.2498074,86.3193433
207,1099,220805,Bhakhrauli,247,25.6217789,84.3844304,25.6301938,84.3925017,25.6151561,84.3750993
207,1099,220806,Bijulipur,168,25.1068609,84.8626569,25.1128882,84.8667754,25.1016215,84.8588029
207,1099,220807,Kachhua,1502,26.2351776,86.3471787,0,0,0,0
207,1099,220808,Maibi,1040,26.2230158,86.3628146,0,0,0,0
207,1099,220809,Belauncha,2379,26.2132419,86.3547844,26.2159386,86.358354,26.2084306,86.3511013
207,1099,220810,Siwaisinghpur,325,26.0659436,85.9195938,26.0685806,85.9232865,26.0622291,85.9161759
207,1099,220812,Dip,4559,26.2131595,86.3224638,26.2395629,86.3447418,26.1992665,86.289688
207,1099,220815,Behat,4123,26.2265371,86.2691848,26.2412203,86.2911147,26.2112083,86.2505034
207,1099,220816,Kaithinia,1855,26.2181051,86.2882729,0,0,0,0
207,1099,220817,Rutaul,389,26.2099567,86.2552215,26.216217,86.2645186,26.2043018,86.2480162
207,1099,220818,Madanpur,695,24.6553003,84.5772433,24.6662454,84.5970011,24.6488505,84.5619392
207,1099,220819,Sohrai,554,26.1925252,86.265377,26.1974926,86.273369,26.1817761,86.2522661
207,1099,220821,Daia Khaorwar,798,26.1973093,86.2793375,26.2083895,86.2839333,26.1892772,86.2697902
207,1099,220822,Gongapur,913,26.1856429,86.2844131,26.1916022,86.2927596,26.1771274,86.2698558
207,1099,220824,Lakhnaur,3807,26.1997036,86.3233668,0,0,0,0
207,1099,220825,Ankusi,688,26.1847212,86.3059787,26.1899643,86.311447,26.1664446,86.2994689
207,1099,220827,Gunakarpur,607,26.1727287,86.2983683,26.1802289,86.3061754,26.1635074,86.2903061
207,1099,220828,Kasiam,748,26.1746248,86.314856,26.1817263,86.3200304,26.1635398,86.3044434
207,1099,220830,Balia,854,25.39925,86.355409,0,0,0,0
207,1099,220831,Umri,1275,25.6228212,84.1843932,25.6295709,84.1932965,25.6190845,84.1773319
207,1099,220832,Laufa,1375,26.1931022,86.345833,26.2025395,86.3609934,26.1762951,86.3327122
207,1099,220833,Pure,502,26.1936056,86.3655534,26.1994706,86.3719786,26.186327,86.3592607
207,1100,220834,Kalikapur,318,26.496593,86.0905472,26.5014747,86.0980082,26.4907974,86.0863567
207,1100,220835,Matras,1164,26.2525501,86.451025,26.2579418,86.4595566,26.2244758,86.429512
207,1100,220836,Bishunpur,473,25.7882434,85.3433404,25.7928504,85.34774,25.7821979,85.3364487
207,1100,220837,Pauni,152,25.5111741,83.9400227,25.522312,83.9469376,25.5053271,83.9286421
207,1100,220838,Az Rakbe Pauni,420,26.2286936,86.4124031,26.2316551,86.4179611,26.2236213,86.4054564
207,1100,220839,Chapram,325,26.2420586,86.4161998,26.2500303,86.4205329,26.2338192,86.4075669
207,1100,220840,Shankarpur,191,26.0311984,86.8685324,26.0353582,86.8709608,26.0275473,86.8640639
207,1100,220841,Desam,353,26.2169598,86.4149342,26.2202929,86.4205552,26.2107199,86.4073638
207,1100,220842,Az Rakbe Desam,223,26.2138218,86.4073403,26.2162512,86.415146,26.2112769,86.4047545
207,1100,220843,Tardiha,1501,26.222311,86.4195681,26.2275652,86.4237785,26.2186336,86.4153457
207,1100,220846,Bath,1306,26.2161678,86.4003214,0,0,0,0
207,1100,220847,Sundar Birajit,1319,26.2356562,86.3959473,26.2458553,86.4118346,26.2132339,86.3785324
207,1100,220848,Adit dih,266,26.1859447,86.3541509,26.1890023,86.3582885,26.1815261,86.3519515
207,1100,220849,Pachahi,2291,26.1838693,86.3554555,26.1906791,86.3591481,26.1819759,86.3474321
207,1100,220850,Madhepur,5720,26.1755791,86.3800956,0,0,0,0
207,1100,220851,Sikaria,341,24.8551447,84.14879,24.8683796,84.1727217,24.8380755,84.1361158
207,1100,220853,Mahisan,1485,25.854547,86.4699556,25.8595711,86.4719081,25.8491824,86.466887
207,1100,220854,Sarauni,376,25.7543484,86.9393189,25.7681674,86.9528275,25.7388743,86.9164199
207,1100,220855,Bhumpur,387,26.3479966,87.0574302,26.3599089,87.0777817,26.3314189,87.0249481
207,1100,220856,Nawada,1491,24.8866859,85.5434572,24.9208072,85.5580473,24.8603503,85.5114412
207,1100,220857,Kapar Phora,169,26.1747252,86.4067075,26.176752,86.4105986,26.1712856,86.403755
207,1100,220858,Tingri,311,26.1594742,86.4161998,26.1688193,86.4254989,26.1548613,86.4033354
207,1100,220859,Rupauli,306,25.5937025,87.1472765,25.6127642,87.1591568,25.5769405,87.1372375
207,1100,220860,Kurson,296,26.1613882,86.4041759,26.1632383,86.4067626,26.1584907,86.4033402
207,1100,220861,Pakhaul,139,26.1458536,86.4022771,26.1501331,86.4080657,26.1427249,86.3987579
207,1100,220862,Chunni,428,26.1971947,87.0399404,26.2104893,87.0558699,26.1745603,87.0164182
207,1100,220863,Bhakrain,1091,26.1456645,86.3946813,26.1483113,86.3968707,26.1435344,86.391077
207,1100,220864,Betauna,183,26.4336158,85.866535,26.4481734,85.8769455,26.4243983,85.8582075
207,1100,220866,Khajura,611,24.9615372,83.6863644,24.9637572,83.6882472,24.9601779,83.6848247
207,1100,220867,Parsad,1861,26.1450946,86.371887,26.1519336,86.3778837,26.1403694,86.3692628
207,1100,220868,Az Rakbe Sidhi Tajpur,1027,26.133186,86.3383098,26.1366309,86.3478393,26.1305504,86.3357695
207,1100,220869,Banki,1312,26.134483,86.3604859,26.1422997,86.3795317,26.1219291,86.3247452
207,1100,220870,Birpur,408,26.515046,87.009943,26.5249468,87.0245827,26.5054387,86.9979001
207,1100,220871,Bhit Bhagwanpur,2953,26.1074838,86.3427458,26.1283341,86.3631362,26.0891801,86.3247297
207,1100,220874,Mahasingh Hasauli,495,26.0906305,86.3471814,26.093582,86.3500823,26.0836964,86.3386078
207,1100,220875,Daldal,1698,26.0815029,86.3655534,26.0889968,86.378311,26.0688819,86.3482283
207,1100,220876,Madanpur,666,24.6553003,84.5772433,24.6662454,84.5970011,24.6488505,84.5619392
207,1100,220877,Khor,508,26.1172559,84.0973258,26.1245803,84.1023405,26.1105288,84.0911407
207,1100,220878,Bahera,529,26.0811838,86.125116,0,0,0,0
207,1100,220879,Birpur Burh,198,26.1163145,86.3712536,26.1246242,86.3746792,26.1152171,86.367569
207,1100,220880,Rohua,791,25.9191354,86.5463789,25.9251652,86.5546113,25.9104519,86.5401001
207,1100,220881,Ratwara,188,25.9878165,85.8435049,26.0027923,85.8547058,25.966646,85.8359069
207,1100,220883,Karhara,1263,26.1457285,86.4120867,26.1471076,86.4131677,26.1443627,86.4104426
207,1100,220884,Doalakh,1531,26.1208065,86.4332814,26.1234612,86.4359236,26.1181632,86.4316964
207,1100,220885,Kharik,637,25.3674628,87.0021512,25.3754143,87.0078569,25.3607377,86.9945377
207,1100,220886,Madhu Sagram,495,26.1160361,86.3896168,26.1200465,86.4008942,26.1062333,86.3731005
207,1100,220887,Jagir Sagram,169,26.1110148,86.3953143,26.1145324,86.3975829,26.1078338,86.3900833
207,1100,220888,Bheja,2315,26.1014099,86.3946813,26.1088569,86.4004326,26.0938654,86.3894892
207,1100,220889,Barsham,814,25.8150409,86.5160763,25.8195075,86.5266417,25.8085347,86.502388
207,1100,220891,Khajuri,710,25.4663447,84.9830542,25.4680578,84.9851531,25.4614152,84.9778298
207,1100,220892,Parsauni,183,26.393841,85.917677,26.3982895,85.9224845,26.3807977,85.9085369
207,1100,220893,Balthi,498,26.0643045,86.3858181,26.0696048,86.3956909,26.0576401,86.3780518
207,1100,220894,Parwalpur,1011,25.2068869,85.3640047,25.2145509,85.375185,25.2004174,85.3538561
207,1100,220895,Bakwa,1916,26.1064299,84.8541869,26.1134279,84.8660889,26.098917,84.8459624
207,1100,220896,Bhargawan,1315,26.7038715,84.7759425,26.718214,84.7894364,26.6900445,84.7644727
207,1100,220897,Tangraha,909,26.0772373,86.4313838,26.0885124,86.4459226,26.0630186,86.4166184
207,1100,220899,Lilja,117,26.0853678,86.4320163,26.0897178,86.438713,26.0824965,86.4237441
207,1100,220900,Parsauni,396,26.393841,85.917677,26.3982895,85.9224845,26.3807977,85.9085369
207,1100,220901,Mahpatia,1444,26.1145256,86.4478279,26.1178072,86.4514469,26.1110269,86.4431389
207,1100,220902,Chhatauni,364,26.3958808,85.2986154,26.3981742,85.3079796,26.38964,85.294268
207,1100,220903,Mahsa,345,26.1133909,86.4617379,26.120674,86.4703447,26.0966376,86.4530334
207,1100,220904,Bhawanipur,370,26.4646838,86.9974385,26.4763393,87.0087736,26.4516104,86.9849014
207,1100,220907,Mainahi,193,26.2294838,86.504708,26.2427349,86.5259629,26.2184505,86.4899138
207,1100,220910,Gobargarha,257,26.1501447,86.5173392,26.1581668,86.5303497,26.1450079,86.5049665
207,1100,220912,Garhgaon,329,26.1497789,86.5021814,26.1573753,86.5147934,26.1418018,86.4891891
207,1100,220913,Basipatti,1061,26.1343526,86.47438,26.1500071,86.4903718,26.1157722,86.4605253
207,1100,220915,Bhagta,525,26.1294638,86.4554156,26.1348266,86.4648895,26.1203059,86.4462201
207,1100,220916,Dara,1676,24.863189,86.8947789,24.8760966,86.9095381,24.8556594,86.883049
207,1100,220917,Bela,254,24.9694491,84.973511,24.9747597,84.9820745,24.9616545,84.964701
207,1100,220918,Harshankri,147,26.1378176,86.435179,26.1408214,86.4396896,26.1320171,86.4319687
207,1100,220919,Rampur,133,27.0592413,84.5458072,27.0733795,84.5552213,27.0524405,84.5282364
